pde,model,beta,grid_size,adaptive,epoch,phase,total,ic,bc,l2,w_pde,w_ic,w_bc
0.004811964929103851,MLP,30,,False,100,adam,0.43587371706962585,0.4072280824184418,0.023833652958273888,1.1469790935516357,1.0,1.0,1.0
0.05490504577755928,MLP,30,,False,200,adam,0.18333399295806885,0.086251400411129,0.04217753931879997,0.946554958820343,1.0,1.0,1.0
0.004304285626858473,MLP,30,,False,300,adam,0.08411651849746704,0.02585269697010517,0.05395953357219696,0.932468056678772,1.0,1.0,1.0
0.004079422447830439,MLP,30,,False,400,adam,0.0717267096042633,0.014081803150475025,0.053565483540296555,0.9210643172264099,1.0,1.0,1.0
0.0022146704141050577,MLP,30,,False,500,adam,0.061543554067611694,0.009995825588703156,0.049333058297634125,0.9061659574508667,1.0,1.0,1.0
0.003393003949895501,MLP,30,,False,600,adam,0.054809585213661194,0.0074704354628920555,0.043946146965026855,0.8883821964263916,1.0,1.0,1.0
0.0023680650629103184,MLP,30,,False,700,adam,0.047454170882701874,0.005619406700134277,0.039466697722673416,0.8685281276702881,1.0,1.0,1.0
0.002496620872989297,MLP,30,,False,800,adam,0.04229108244180679,0.004531942307949066,0.03526252135634422,0.8468576073646545,1.0,1.0,1.0
0.0014902863185852766,MLP,30,,False,900,adam,0.045223087072372437,0.01046285592019558,0.03326994553208351,0.8239060044288635,1.0,1.0,1.0
0.002033505355939269,MLP,30,,False,1000,adam,0.03652620688080788,0.0032414000015705824,0.03125130012631416,0.8155103325843811,1.0,1.0,1.0
0.003318191971629858,MLP,30,,False,1100,adam,0.03791823238134384,0.004163635894656181,0.030436404049396515,0.8109976053237915,1.0,1.0,1.0
0.0028965831734240055,MLP,30,,False,1200,adam,0.03600802645087242,0.0029358789324760437,0.03017556481063366,0.812405526638031,1.0,1.0,1.0
0.005792991258203983,MLP,30,,False,1300,adam,0.03895457461476326,0.0032829882111400366,0.02987859398126602,0.8120924830436707,1.0,1.0,1.0
0.002184502314776182,MLP,30,,False,1400,adam,0.03570276126265526,0.0038803296629339457,0.029637929052114487,0.8065387010574341,1.0,1.0,1.0
0.0025325242895632982,MLP,30,,False,1500,adam,0.03548198193311691,0.003495176322758198,0.02945428341627121,0.799136757850647,1.0,1.0,1.0
0.0015124346828088164,MLP,30,,False,1600,adam,0.033058010041713715,0.0024251132272183895,0.029120460152626038,0.8003724813461304,1.0,1.0,1.0
0.0014914983185008168,MLP,30,,False,1700,adam,0.03256532549858093,0.002319680992513895,0.02875414490699768,0.7964863181114197,1.0,1.0,1.0
0.001504284911789,MLP,30,,False,1800,adam,0.03214438259601593,0.002207212382927537,0.028432883322238922,0.7922459244728088,1.0,1.0,1.0
0.002027463400736451,MLP,30,,False,1900,adam,0.033653624355793,0.0035211641807109118,0.02810499630868435,0.7881296277046204,1.0,1.0,1.0
0.0013295694952830672,MLP,30,,False,2000,adam,0.031319815665483475,0.0020615484099835157,0.02792869694530964,0.7845637202262878,1.0,1.0,1.0
0.001067179488018155,MLP,30,,False,2100,adam,0.030669745057821274,0.002032060641795397,0.027570504695177078,0.7809776067733765,1.0,1.0,1.0
0.0010650758631527424,MLP,30,,False,2200,adam,0.030056020244956017,0.001982910092920065,0.02700803428888321,0.7768543362617493,1.0,1.0,1.0
0.0010500506032258272,MLP,30,,False,2300,adam,0.02939644083380699,0.0019251508638262749,0.026421239599585533,0.7717493772506714,1.0,1.0,1.0
0.0010292667429894209,MLP,30,,False,2400,adam,0.02865767292678356,0.0018587587401270866,0.02576964721083641,0.7653524875640869,1.0,1.0,1.0
0.0010053361766040325,MLP,30,,False,2500,adam,0.027827132493257523,0.0017795372987166047,0.025042260065674782,0.7572111487388611,1.0,1.0,1.0
0.0009754166821949184,MLP,30,,False,2600,adam,0.026979856193065643,0.001689196447841823,0.02431524358689785,0.7471688985824585,1.0,1.0,1.0
0.0009471434750594199,MLP,30,,False,2700,adam,0.02627120353281498,0.0015967387007549405,0.02372732199728489,0.7363234162330627,1.0,1.0,1.0
0.0009275238844566047,MLP,30,,False,2800,adam,0.025726385414600372,0.0015147574013099074,0.023284103721380234,0.7264127135276794,1.0,1.0,1.0
0.0009139914182014763,MLP,30,,False,2900,adam,0.025277134031057358,0.0014469437301158905,0.022916199639439583,0.7181590795516968,1.0,1.0,1.0
0.0009031278896145523,MLP,30,,False,3000,adam,0.024875180795788765,0.001392062520608306,0.022579990327358246,0.7114981412887573,1.0,1.0,1.0
0.0008949024486355484,MLP,30,,False,3100,adam,0.024502107873558998,0.0013484269147738814,0.022258779034018517,0.706077516078949,1.0,1.0,1.0
0.0008890010067261755,MLP,30,,False,3200,adam,0.024152925238013268,0.0013129308354109526,0.021950993686914444,0.7014352679252625,1.0,1.0,1.0
0.0008834332111291587,MLP,30,,False,3300,adam,0.023817582055926323,0.001283096382394433,0.021651051938533783,0.697270393371582,1.0,1.0,1.0
0.0008774726884439588,MLP,30,,False,3400,adam,0.02347211353480816,0.001258126925677061,0.021336514502763748,0.6933425068855286,1.0,1.0,1.0
0.0008700324688106775,MLP,30,,False,3500,adam,0.02309730276465416,0.0012361934641376138,0.02099107764661312,0.6890667080879211,1.0,1.0,1.0
0.0008583300514146686,MLP,30,,False,3600,adam,0.022702012211084366,0.001212764997035265,0.020630916580557823,0.6837299466133118,1.0,1.0,1.0
0.0008396017365157604,MLP,30,,False,3700,adam,0.022313877940177917,0.0011850097216665745,0.020289266481995583,0.6769830584526062,1.0,1.0,1.0
0.000808859069366008,MLP,30,,False,3800,adam,0.021987654268741608,0.0011531682685017586,0.020025627687573433,0.6692818999290466,1.0,1.0,1.0
0.0007749712676741183,MLP,30,,False,3900,adam,0.02174496278166771,0.0011216365965083241,0.019848354160785675,0.6620672941207886,1.0,1.0,1.0
0.0007536598131991923,MLP,30,,False,4000,adam,0.02156662382185459,0.0010979106882587075,0.01971505396068096,0.6564521193504333,1.0,1.0,1.0
0.0007468429976142943,MLP,30,,False,4100,adam,0.021421104669570923,0.001081193215213716,0.019593067467212677,0.6522705554962158,1.0,1.0,1.0
0.0007478371844626963,MLP,30,,False,4200,adam,0.021300222724676132,0.001065319636836648,0.019487066194415092,0.6489163041114807,1.0,1.0,1.0
0.0007492045988328755,MLP,30,,False,4300,adam,0.021195245906710625,0.0010526735568419099,0.01939336769282818,0.6458942890167236,1.0,1.0,1.0
0.000750962644815445,MLP,30,,False,4400,adam,0.0210983045399189,0.001040623988956213,0.019306717440485954,0.6432465314865112,1.0,1.0,1.0
0.0007523716776631773,MLP,30,,False,4500,adam,0.021005019545555115,0.001029179897159338,0.019223468378186226,0.6406018733978271,1.0,1.0,1.0
0.000791212369222194,MLP,30,,False,4600,adam,0.020941823720932007,0.001026286743581295,0.01912432536482811,0.6381901502609253,1.0,1.0,1.0
0.0007515731849707663,MLP,30,,False,4700,adam,0.02080952748656273,0.001003579469397664,0.01905437558889389,0.6355999112129211,1.0,1.0,1.0
0.0007487921975553036,MLP,30,,False,4800,adam,0.02069953642785549,0.0009995953878387809,0.01895114965736866,0.6332576274871826,1.0,1.0,1.0
0.0007456776802428067,MLP,30,,False,4900,adam,0.020580634474754333,0.0009841606952250004,0.018850795924663544,0.6304869055747986,1.0,1.0,1.0
0.0007402868359349668,MLP,30,,False,5000,adam,0.0204441100358963,0.0009811241179704666,0.018722698092460632,0.6278900504112244,1.0,1.0,1.0
0.0007337119313888252,MLP,30,,False,5100,adam,0.02028787136077881,0.0009718144428916276,0.01858234405517578,0.6248410940170288,1.0,1.0,1.0
0.0007263458101078868,MLP,30,,False,5200,adam,0.020105134695768356,0.0009610531851649284,0.018417736515402794,0.6214394569396973,1.0,1.0,1.0
0.0007174830534495413,MLP,30,,False,5300,adam,0.019884753972291946,0.000950618356000632,0.018216652795672417,0.6175304055213928,1.0,1.0,1.0
0.000708932348061353,MLP,30,,False,5400,adam,0.019621102139353752,0.000941316073294729,0.0179708544164896,0.6130170226097107,1.0,1.0,1.0
0.0007011088309809566,MLP,30,,False,5500,adam,0.019300520420074463,0.000929473724681884,0.017669938504695892,0.6074959635734558,1.0,1.0,1.0
0.0006943721091374755,MLP,30,,False,5600,adam,0.018922872841358185,0.000912595191039145,0.017315905541181564,0.6008743047714233,1.0,1.0,1.0
0.0006872595986351371,MLP,30,,False,5700,adam,0.01846817508339882,0.0008927132585085928,0.016888203099370003,0.5928693413734436,1.0,1.0,1.0
0.0006783686694689095,MLP,30,,False,5800,adam,0.017940253019332886,0.0008722056518308818,0.01638967916369438,0.5836159586906433,1.0,1.0,1.0
0.0006666853441856802,MLP,30,,False,5900,adam,0.017312390729784966,0.0008468753076158464,0.01579882949590683,0.5725435018539429,1.0,1.0,1.0
0.0006515952409245074,MLP,30,,False,6000,adam,0.016591466963291168,0.0008193150861188769,0.015120556578040123,0.5597922205924988,1.0,1.0,1.0
0.0006332417251542211,MLP,30,,False,6100,adam,0.01575431413948536,0.0007865556981414557,0.01433451659977436,0.5447475910186768,1.0,1.0,1.0
0.000611335679423064,MLP,30,,False,6200,adam,0.014827784150838852,0.0007476442260667682,0.013468804769217968,0.5276467800140381,1.0,1.0,1.0
0.0005862487596459687,MLP,30,,False,6300,adam,0.013786135241389275,0.0007044146186672151,0.012495472095906734,0.5077110528945923,1.0,1.0,1.0
0.00055688590509817,MLP,30,,False,6400,adam,0.01264417078346014,0.0006683481624349952,0.011418936774134636,0.48490452766418457,1.0,1.0,1.0
0.0005256742588244379,MLP,30,,False,6500,adam,0.011416254565119743,0.0006098355515860021,0.010280745103955269,0.4588553309440613,1.0,1.0,1.0
0.0004938133060932159,MLP,30,,False,6600,adam,0.010151142254471779,0.0005396674969233572,0.00911766104400158,0.43032509088516235,1.0,1.0,1.0
0.0004578885273076594,MLP,30,,False,6700,adam,0.00887063704431057,0.0004853528516832739,0.007927395403385162,0.3998560309410095,1.0,1.0,1.0
0.00042843641131184995,MLP,30,,False,6800,adam,0.0076382774859666824,0.000424227851908654,0.006785613019019365,0.36807310581207275,1.0,1.0,1.0
0.000426496408181265,MLP,30,,False,6900,adam,0.006518147885799408,0.0003761893603950739,0.005715461913496256,0.3360079526901245,1.0,1.0,1.0
0.0003649756545200944,MLP,30,,False,7000,adam,0.0054638017900288105,0.0003102107730228454,0.004788615275174379,0.3048732578754425,1.0,1.0,1.0
0.00034214096376672387,MLP,30,,False,7100,adam,0.00458109937608242,0.0002613368851598352,0.00397762143984437,0.2754327952861786,1.0,1.0,1.0
0.00032000159262679517,MLP,30,,False,7200,adam,0.0038441610522568226,0.00022029336832929403,0.003303866134956479,0.24855881929397583,1.0,1.0,1.0
0.00030222831992432475,MLP,30,,False,7300,adam,0.00323706166818738,0.00018644353258423507,0.0027483897283673286,0.22444534301757812,1.0,1.0,1.0
0.0002889503666665405,MLP,30,,False,7400,adam,0.00274250702932477,0.00015821475244592875,0.0022953420411795378,0.20317746698856354,1.0,1.0,1.0
0.00027465858147479594,MLP,30,,False,7500,adam,0.0023437116760760546,0.0001353185361949727,0.0019337345147505403,0.18464496731758118,1.0,1.0,1.0
0.00027417854289524257,MLP,30,,False,7600,adam,0.0020428202114999294,0.00011371935397619382,0.0016549222636967897,0.16910907626152039,1.0,1.0,1.0
0.00025846241624094546,MLP,30,,False,7700,adam,0.0018038991838693619,9.961687464965507e-05,0.0014458198565989733,0.15675023198127747,1.0,1.0,1.0
0.00025127112166956067,MLP,30,,False,7800,adam,0.0016300592105835676,8.878923836164176e-05,0.0012899988796561956,0.1470395028591156,1.0,1.0,1.0
0.00024476501857861876,MLP,30,,False,7900,adam,0.001497888471931219,8.026359864743426e-05,0.0011728598037734628,0.13951976597309113,1.0,1.0,1.0
0.00023948268790263683,MLP,30,,False,8000,adam,0.001396228326484561,7.363596523646265e-05,0.001083109644241631,0.13368310034275055,1.0,1.0,1.0
0.00023301954206544906,MLP,30,,False,8100,adam,0.0013156515778973699,6.888427742524073e-05,0.0010137477656826377,0.12915705144405365,1.0,1.0,1.0
0.0002276599407196045,MLP,30,,False,8200,adam,0.0012510946253314614,6.476059934357181e-05,0.0009586741216480732,0.12557923793792725,1.0,1.0,1.0
0.00022261544654611498,MLP,30,,False,8300,adam,0.0011980175040662289,6.143093196442351e-05,0.0009139711619354784,0.12271672487258911,1.0,1.0,1.0
0.00021754745102953166,MLP,30,,False,8400,adam,0.0011534981895238161,5.872405745321885e-05,0.0008772267028689384,0.12036947160959244,1.0,1.0,1.0
0.00021278152416925877,MLP,30,,False,8500,adam,0.0011153285158798099,5.621693344437517e-05,0.00084633007645607,0.11839380860328674,1.0,1.0,1.0
0.0002080042177112773,MLP,30,,False,8600,adam,0.0010821872856467962,5.417136708274484e-05,0.0008200116571970284,0.11669672280550003,1.0,1.0,1.0
0.00020375571330077946,MLP,30,,False,8700,adam,0.0010527566773816943,5.218603109824471e-05,0.000796814973000437,0.11520331352949142,1.0,1.0,1.0
0.00019949572742916644,MLP,30,,False,8800,adam,0.0010264309821650386,5.045637226430699e-05,0.0007764788460917771,0.11387606710195541,1.0,1.0,1.0
0.00019538513151928782,MLP,30,,False,8900,adam,0.0010026402305811644,4.888752300757915e-05,0.0007583675906062126,0.11266559362411499,1.0,1.0,1.0
0.00019141242955811322,MLP,30,,False,9000,adam,0.000980930868536234,4.744848774862476e-05,0.00074206996941939,0.1115509569644928,1.0,1.0,1.0
0.00018769656890071929,MLP,30,,False,9100,adam,0.0009610107517801225,4.609171810443513e-05,0.0007272224756889045,0.11051612347364426,1.0,1.0,1.0
0.00018403692229185253,MLP,30,,False,9200,adam,0.0009426295291632414,4.484608143684454e-05,0.0007137465290725231,0.10954536497592926,1.0,1.0,1.0
0.00018055865075439215,MLP,30,,False,9300,adam,0.0009255982586182654,4.3678635847754776e-05,0.0007013609865680337,0.10863267630338669,1.0,1.0,1.0
0.00017722115444485098,MLP,30,,False,9400,adam,0.0009097513393498957,4.258384069544263e-05,0.0006899463478475809,0.10776946693658829,1.0,1.0,1.0
0.00017405330436304212,MLP,30,,False,9500,adam,0.0008949837065301836,4.155940769123845e-05,0.0006793710053898394,0.10694881528615952,1.0,1.0,1.0
0.00017091521294787526,MLP,30,,False,9600,adam,0.0008811554289422929,4.0598220948595554e-05,0.0006696420023217797,0.10617348551750183,1.0,1.0,1.0
0.00016798997239675373,MLP,30,,False,9700,adam,0.0008682073676027358,3.9677655877312645e-05,0.0006605397211387753,0.10543324798345566,1.0,1.0,1.0
0.00016513648733962327,MLP,30,,False,9800,adam,0.0008560410933569074,3.88191947422456e-05,0.0006520854076370597,0.1047273576259613,1.0,1.0,1.0
0.00016238761600106955,MLP,30,,False,9900,adam,0.0008445876883342862,3.8007201510481536e-05,0.0006441928562708199,0.10405322164297104,1.0,1.0,1.0
0.00015972685650922358,MLP,30,,False,10000,adam,0.00083378073759377,3.724305497598834e-05,0.0006368108442984521,0.10340800881385803,1.0,1.0,1.0
0.00014341843780130148,MLP,30,,False,10000,lbfgs,0.0007967347046360373,3.988827666034922e-05,0.0006134279537945986,0.10192467272281647,1.0,1.0,1.0
1.9302266082377173e-05,MLP,30,,False,10010,lbfgs,0.0004285663308110088,1.5537258150288835e-05,0.0003937268047593534,0.06988760083913803,1.0,1.0,1.0
1.9628789232228883e-05,MLP,30,,False,10020,lbfgs,0.00023869842698331922,9.636877621232998e-06,0.00020943276467733085,0.04102194309234619,1.0,1.0,1.0
9.20595721254358e-06,MLP,30,,False,10030,lbfgs,7.367553189396858e-05,2.306919668626506e-06,6.216265319380909e-05,0.015057316049933434,1.0,1.0,1.0
2.823658178385813e-06,MLP,30,,False,10040,lbfgs,4.210338374832645e-05,4.689852914907533e-07,3.881074007949792e-05,0.007995078340172768,1.0,1.0,1.0
1.5268799415935064e-06,MLP,30,,False,10050,lbfgs,2.415504422970116e-05,2.8484356562330504e-07,2.2343319869833067e-05,0.00641584862023592,1.0,1.0,1.0
9.023687539411185e-07,MLP,30,,False,10060,lbfgs,1.7819433196564205e-05,1.8267014922912495e-07,1.673439510341268e-05,0.005951890256255865,1.0,1.0,1.0
1.474912323828903e-06,MLP,30,,False,10070,lbfgs,7.546150754933478e-06,3.4732309472929046e-07,5.723915364796994e-06,0.005251636728644371,1.0,1.0,1.0
1.2057030289724935e-06,MLP,30,,False,10080,lbfgs,4.521243226918159e-06,2.7706724381459935e-07,3.0384730962396134e-06,0.003895379602909088,1.0,1.0,1.0
4.5847394858355983e-07,MLP,30,,False,10090,lbfgs,2.4761097847658675e-06,1.0500196623297597e-07,1.912633933898178e-06,0.0030475680250674486,1.0,1.0,1.0
3.8021556747480645e-07,MLP,30,,False,10100,lbfgs,1.963082468137145e-06,7.83808999926805e-08,1.5044860219859402e-06,0.002629754599183798,1.0,1.0,1.0
3.8021556747480645e-07,MLP,30,,False,10110,lbfgs,1.963082468137145e-06,7.83808999926805e-08,1.5044860219859402e-06,0.002629754599183798,1.0,1.0,1.0
3.8021556747480645e-07,MLP,30,,False,10120,lbfgs,1.963082468137145e-06,7.83808999926805e-08,1.5044860219859402e-06,0.002629754599183798,1.0,1.0,1.0
3.8021556747480645e-07,MLP,30,,False,10130,lbfgs,1.963082468137145e-06,7.83808999926805e-08,1.5044860219859402e-06,0.002629754599183798,1.0,1.0,1.0
3.8021556747480645e-07,MLP,30,,False,10140,lbfgs,1.963082468137145e-06,7.83808999926805e-08,1.5044860219859402e-06,0.002629754599183798,1.0,1.0,1.0
3.8021556747480645e-07,MLP,30,,False,10150,lbfgs,1.963082468137145e-06,7.83808999926805e-08,1.5044860219859402e-06,0.002629754599183798,1.0,1.0,1.0
3.8021556747480645e-07,MLP,30,,False,10160,lbfgs,1.963082468137145e-06,7.83808999926805e-08,1.5044860219859402e-06,0.002629754599183798,1.0,1.0,1.0
3.8021556747480645e-07,MLP,30,,False,10170,lbfgs,1.963082468137145e-06,7.83808999926805e-08,1.5044860219859402e-06,0.002629754599183798,1.0,1.0,1.0
3.8021556747480645e-07,MLP,30,,False,10180,lbfgs,1.963082468137145e-06,7.83808999926805e-08,1.5044860219859402e-06,0.002629754599183798,1.0,1.0,1.0
3.8021556747480645e-07,MLP,30,,False,10190,lbfgs,1.963082468137145e-06,7.83808999926805e-08,1.5044860219859402e-06,0.002629754599183798,1.0,1.0,1.0
0.004811964929103851,MLP,30,,True,100,adam,1.0631357431411743,0.4072280824184418,0.023833652958273888,1.1386382579803467,1.0,2.3868355704166215,3.6224963873571907
0.033603355288505554,MLP,30,,True,200,adam,0.7321135401725769,0.08715138584375381,0.05584598332643509,0.9778008460998535,1.0,3.4593731340748195,7.109213250807412
0.04664533957839012,MLP,30,,True,300,adam,0.5075056552886963,0.04438645392656326,0.03037302754819393,0.9244562983512878,1.0,3.7451152250316913,9.700314599500821
0.0702781230211258,MLP,30,,True,400,adam,0.48870131373405457,0.028382033109664917,0.023245522752404213,0.9012899398803711,1.0,4.3759714913443375,12.657243118006793
0.09707359224557877,MLP,30,,True,500,adam,0.4982283115386963,0.019467290490865707,0.018319731578230858,0.8773511052131653,1.0,5.0702018797197725,16.509611355201894
0.12363263964653015,MLP,30,,True,600,adam,0.5374932289123535,0.018602821975946426,0.012173007242381573,0.856283962726593,1.0,5.980599330087337,24.858650219681703
0.1789025515317917,MLP,30,,True,700,adam,0.5753417015075684,0.01416867133229971,0.008833198808133602,0.8433206677436829,1.0,7.797760913353673,32.37278519771353
0.2259104996919632,MLP,30,,True,800,adam,0.57127845287323,0.009756368584930897,0.006298421416431665,0.8258971571922302,1.0,10.134512755647329,39.13550667794218
0.2668440043926239,MLP,30,,True,900,adam,0.5792906880378723,0.006400795187801123,0.005021794233471155,0.8138884902000427,1.0,13.334488364540128,45.22195601014796
0.30612269043922424,MLP,30,,True,1000,adam,0.6068081855773926,0.00453640753403306,0.004583277273923159,0.8064087629318237,1.0,15.059152479002469,50.69976040913317
0.3344038128852844,MLP,30,,True,1100,adam,0.6198639869689941,0.0036645520012825727,0.004026826936751604,0.802740752696991,1.0,16.76839135350599,55.62978436821985
0.3580622673034668,MLP,30,,True,1200,adam,0.6298859715461731,0.003131637815386057,0.003550788154825568,0.7994806170463562,1.0,18.692828999850242,60.066805931397866
0.3778815269470215,MLP,30,,True,1300,adam,0.6399050951004028,0.0027601143810898066,0.003198657650500536,0.796617865562439,1.0,20.693767099857148,64.06012533825808
0.3950578272342682,MLP,30,,True,1400,adam,0.6459061503410339,0.002352352486923337,0.002846306189894676,0.7943024039268494,1.0,24.77689163899695,67.65411280443226
0.4137393534183502,MLP,30,,True,1500,adam,0.657845675945282,0.0018425554735586047,0.0026848195120692253,0.7919471263885498,1.0,29.189335997117425,70.88870152398903
0.4293883144855499,MLP,30,,True,1600,adam,0.662999153137207,0.0014089170144870877,0.0025167851708829403,0.7900254130363464,1.0,33.97823947358746,73.79983137159012
0.44263702630996704,MLP,30,,True,1700,adam,0.6673007011413574,0.001106161973439157,0.0023731966502964497,0.7883785367012024,1.0,39.14829521718834,76.4198482344311
0.4537999927997589,MLP,30,,True,1800,adam,0.6697087287902832,0.0008899631793610752,0.002241423586383462,0.7868632078170776,1.0,44.19748669798552,78.77786341098799
0.4656372666358948,MLP,30,,True,1900,adam,0.6996655464172363,0.0010556019842624664,0.0022432953119277954,0.7876124978065491,1.0,49.77773802818697,80.90007706988919
0.4721779525279999,MLP,30,,True,2000,adam,0.7999427318572998,0.0013622475089505315,0.0030912405345588923,0.7850969433784485,1.0,52.69157589862303,82.81006936290028
0.4779289662837982,MLP,30,,True,2100,adam,0.6940560340881348,0.000847537477966398,0.002019632374867797,0.7839901447296143,1.0,53.578066882197604,84.52906242661025
0.48152124881744385,MLP,30,,True,2200,adam,0.683647096157074,0.0006600636406801641,0.0019213190535083413,0.7833334803581238,1.0,55.67052022635898,86.07615618394922
0.4847365617752075,MLP,30,,True,2300,adam,0.6792405247688293,0.0005554965464398265,0.0018531810492277145,0.7824360132217407,1.0,58.34218132382482,87.4685405655543
0.4872254431247711,MLP,30,,True,2400,adam,0.6772457361221313,0.0004982860409654677,0.0017990522319450974,0.7813056111335754,1.0,61.01979127135481,88.72168650899887
0.4888075590133667,MLP,30,,True,2500,adam,0.6742571592330933,0.00044416761375032365,0.0017473379848524928,0.7799379825592041,1.0,64.05727233422303,89.84951785809899
0.48972341418266296,MLP,30,,True,2600,adam,0.672797441482544,0.0004332127282395959,0.0016922606155276299,0.7782655954360962,1.0,67.65154510080072,90.8645660722891
0.4897932708263397,MLP,30,,True,2700,adam,0.6682853698730469,0.00038573172059841454,0.0016468960093334317,0.7762977480888367,1.0,70.88639059072064,91.77810946506018
0.4888858497142792,MLP,30,,True,2800,adam,0.6644272208213806,0.00036185901262797415,0.001607305370271206,0.7740232348442078,1.0,73.79775153164857,92.60029851855417
0.4871900975704193,MLP,30,,True,2900,adam,0.6601923704147339,0.00034216424683108926,0.0015733266482129693,0.7715131044387817,1.0,76.41797637848371,93.34026866669875
0.48489341139793396,MLP,30,,True,3000,adam,0.6556379795074463,0.0003270264423917979,0.0015422669239342213,0.7688271999359131,1.0,78.77617874063534,94.00624180002887
0.4823354184627533,MLP,30,,True,3100,adam,0.6538336873054504,0.00034041012986563146,0.001521680853329599,0.7665767073631287,1.0,80.89856086657181,94.605617620026
0.48052892088890076,MLP,30,,True,3200,adam,0.6406587958335876,0.00022211919713299721,0.0014896884094923735,0.7646138072013855,1.0,82.80870477991463,95.1450558580234
0.4785717725753784,MLP,30,,True,3300,adam,0.635664165019989,0.00019943782535847276,0.0014664180343970656,0.7625454664230347,1.0,84.52783430192318,95.63055027222106
0.47653132677078247,MLP,30,,True,3400,adam,0.6315879821777344,0.00018998551240656525,0.0014438143698498607,0.7605449557304382,1.0,86.07505087173087,96.06749524499895
0.47452014684677124,MLP,30,,True,3500,adam,0.6265150308609009,0.0001522754755569622,0.0014376385370269418,0.7587666511535645,1.0,87.46754578455779,96.46074572049906
0.4725773334503174,MLP,30,,True,3600,adam,0.622800886631012,0.00014592295337934047,0.0014179374556988478,0.7568895816802979,1.0,88.720791206102,96.81467114844916
0.47079166769981384,MLP,30,,True,3700,adam,0.6186766028404236,0.00012129232345614582,0.0014103000285103917,0.7551409602165222,1.0,89.84871208549181,97.13320403360424
0.46915119886398315,MLP,30,,True,3800,adam,0.6155170202255249,9.236286859959364e-05,0.0014162750449031591,0.7535117268562317,1.0,90.86384087694263,97.41988363024382
0.4673652946949005,MLP,30,,True,3900,adam,0.612236499786377,7.706264295848086e-05,0.001410744502209127,0.7518597841262817,1.0,91.77745678924838,97.67789526721944
0.46556979417800903,MLP,30,,True,4000,adam,0.6087192893028259,7.149093289626762e-05,0.001394436927512288,0.7501895427703857,1.0,92.59971111032354,97.9101057404975
0.46406546235084534,MLP,30,,True,4100,adam,0.6469281315803528,0.0005255904397927225,0.0013866978697478771,0.7486529350280762,1.0,89.04483011318482,98.11909516644775
0.46270671486854553,MLP,30,,True,4200,adam,0.6073619723320007,0.00016615721688140184,0.0013191078323870897,0.7475845217704773,1.0,90.14034710186634,98.30718564980297
0.46215078234672546,MLP,30,,True,4300,adam,0.6024700999259949,0.0001282517914660275,0.0013062231009826064,0.7468628287315369,1.0,91.1263123916797,98.47646708482267
0.46164193749427795,MLP,30,,True,4400,adam,0.601836085319519,0.00013072267756797373,0.001299477182328701,0.7461169362068176,1.0,92.01368115251174,98.62882037634041
0.461096853017807,MLP,30,,True,4500,adam,0.6019673943519592,0.00013956782640889287,0.0012951522367075086,0.7454203367233276,1.0,92.81231303726057,98.76593833870638
0.46047452092170715,MLP,30,,True,4600,adam,0.5999401807785034,0.0001286125771002844,0.0012886764016002417,0.7447941899299622,1.0,93.5310817335345,98.88934450483575
0.4598183035850525,MLP,30,,True,4700,adam,0.5986576080322266,0.00012495560804381967,0.0012835426023229957,0.7442169785499573,1.0,94.17797356018106,99.00041005435217
0.4590916633605957,MLP,30,,True,4800,adam,0.5968058109283447,0.00011601749429246411,0.0012787070591002703,0.7436586022377014,1.0,94.76017620416296,99.10036904891696
0.4583132266998291,MLP,30,,True,4900,adam,0.595277726650238,0.00011077732051489875,0.00127441028598696,0.7431271076202393,1.0,95.28415858374666,99.19033214402526
0.4574550986289978,MLP,30,,True,5000,adam,0.59385746717453,0.00010745174222392961,0.0012703898828476667,0.7425971627235413,1.0,95.755742725372,99.27129892962274
0.45646724104881287,MLP,30,,True,5100,adam,0.5941393375396729,0.00012102416803827509,0.001268640044145286,0.7420123219490051,1.0,96.1801684528348,99.34416903666047
0.4553128480911255,MLP,30,,True,5200,adam,0.5919017791748047,0.00011231809912715107,0.0012648985721170902,0.7414392828941345,1.0,96.56215160755133,99.40975213299443
0.4540017545223236,MLP,30,,True,5300,adam,0.5891549587249756,0.0001040528150042519,0.0012573783751577139,0.7408600449562073,1.0,96.9059364467962,99.46877691969499
0.4527222216129303,MLP,30,,True,5400,adam,0.5872252583503723,0.00010045967064797878,0.0012533607659861445,0.7403057217597961,1.0,97.21534280211658,99.5218992277255
0.45156171917915344,MLP,30,,True,5500,adam,0.5856760740280151,9.713015606394038e-05,0.0012518337462097406,0.739754319190979,1.0,97.49380852190492,99.56970930495295
0.4505159258842468,MLP,30,,True,5600,adam,0.5840896368026733,9.826462337514386e-05,0.001244508195668459,0.7391663193702698,1.0,97.74442766971444,99.61273837445766
0.44964396953582764,MLP,30,,True,5700,adam,0.5823048949241638,9.660347132012248e-05,0.0012362755369395018,0.7385332584381104,1.0,97.969984902743,99.6514645370119
0.4487399756908417,MLP,30,,True,5800,adam,0.5809556245803833,0.00010648960596881807,0.0012214435264468193,0.7377645373344421,1.0,98.1729864124687,99.68631808331071
0.4483036994934082,MLP,30,,True,5900,adam,0.5803943276405334,7.900876516941935e-05,0.001246716594323516,0.737242579460144,1.0,98.35568777122184,99.71768627497964
0.4477994740009308,MLP,30,,True,6000,adam,0.5786068439483643,8.020320819923654e-05,0.001232188194990158,0.7369568347930908,1.0,98.52011899409966,99.74591764748168
0.44714224338531494,MLP,30,,True,6100,adam,0.5775399804115295,7.976000051712617e-05,0.0012280878145247698,0.7364611029624939,1.0,98.6681070946897,99.7713258827335
0.4464614689350128,MLP,30,,True,6200,adam,0.5765811204910278,8.116737444652244e-05,0.0012235200265422463,0.7359880805015564,1.0,98.80129638522074,99.79419329446016
0.4456903040409088,MLP,30,,True,6300,adam,0.5754358172416687,7.940091745695099e-05,0.001221172627992928,0.7354774475097656,1.0,98.92116674669866,99.81477396501414
0.44494014978408813,MLP,30,,True,6400,adam,0.5743471384048462,7.879233453422785e-05,0.0012180733028799295,0.7350170612335205,1.0,99.0290500720288,99.83329656851272
0.444171279668808,MLP,30,,True,6500,adam,0.5733121037483215,7.856262527639046e-05,0.001215355354361236,0.7345526814460754,1.0,99.12614506482592,99.84996691166145
0.44337156414985657,MLP,30,,True,6600,adam,0.572242021560669,7.729105709586293e-05,0.0012136605801060796,0.7340744733810425,1.0,99.21353055834334,99.86497022049531
0.44253265857696533,MLP,30,,True,6700,adam,0.5710513591766357,7.418814493576065e-05,0.0012129978276789188,0.7335780262947083,1.0,99.292177502509,99.87847319844577
0.4417176842689514,MLP,30,,True,6800,adam,0.5697737336158752,8.372095908271149e-05,0.0011986842146143317,0.7330039739608765,1.0,99.3629597522581,99.8906258786012
0.44062209129333496,MLP,30,,True,6900,adam,0.5689389109611511,8.644252375233918e-05,0.0011984009761363268,0.7324369549751282,1.0,99.4266637770323,99.90156329074108
0.4402610957622528,MLP,30,,True,7000,adam,0.5678706169128418,6.717504584230483e-05,0.0012103392509743571,0.7320694923400879,1.0,99.48399739932907,99.91140696166697
0.43941497802734375,MLP,30,,True,7100,adam,0.5673109889030457,8.082567364908755e-05,0.0011994665255770087,0.7315648794174194,1.0,99.53559765939616,99.92026626550027
0.43874093890190125,MLP,30,,True,7200,adam,0.5661441087722778,7.619563257321715e-05,0.0011990150669589639,0.7311763763427734,1.0,99.58203789345654,99.92823963895025
0.4380713105201721,MLP,30,,True,7300,adam,0.5651906728744507,7.47834492358379e-05,0.001197464531287551,0.7307817339897156,1.0,99.6238341041109,99.93541567505522
0.4373777210712433,MLP,30,,True,7400,adam,0.5643970370292664,7.644294237252325e-05,0.0011947033926844597,0.7303544282913208,1.0,99.6614506936998,99.94187410754971
0.4365406930446625,MLP,30,,True,7500,adam,0.5632344484329224,7.497025217162445e-05,0.0011928200256079435,0.7298570871353149,1.0,99.69530562432983,99.94768669679473
0.4357123374938965,MLP,30,,True,7600,adam,0.5621171593666077,7.405124051729217e-05,0.0011907609878107905,0.7293590903282166,1.0,99.72577506189685,99.95291802711526
0.4348639249801636,MLP,30,,True,7700,adam,0.5609824061393738,7.312154775718227e-05,0.0011887475848197937,0.7288435101509094,1.0,99.75319755570717,99.95762622440374
0.4340437352657318,MLP,30,,True,7800,adam,0.5598911643028259,7.236950477818027e-05,0.001186718000099063,0.7283402681350708,1.0,99.77787780013647,99.96186360196337
0.43317386507987976,MLP,30,,True,7900,adam,0.5588427186012268,7.244669541250914e-05,0.0011847930727526546,0.7278497815132141,1.0,99.80009002012282,99.96567724176704
0.43248146772384644,MLP,30,,True,8000,adam,0.5577741861343384,6.90197994117625e-05,0.0011843977263197303,0.7274277210235596,1.0,99.82008101811054,99.96910951759034
0.43171507120132446,MLP,30,,True,8100,adam,0.5568206310272217,6.845048483228311e-05,0.0011830447474494576,0.72696453332901,1.0,99.8380729162995,99.9721985658313
0.4309486746788025,MLP,30,,True,8200,adam,0.5557986497879028,6.749768363079056e-05,0.0011813960736617446,0.7264904379844666,1.0,99.85426562466955,99.97497870924818
0.4301580488681793,MLP,30,,True,8300,adam,0.5547498464584351,6.721304089296609e-05,0.0011790588032454252,0.7259881496429443,1.0,99.8688390622026,99.97748083832336
0.4293592870235443,MLP,30,,True,8400,adam,0.5536912679672241,6.6939159296453e-05,0.0011766982497647405,0.7254770398139954,1.0,99.88195515598234,99.97973275449102
0.428549200296402,MLP,30,,True,8500,adam,0.5526170134544373,6.677053170278668e-05,0.0011741925263777375,0.7249548435211182,1.0,99.8937596403841,99.98175947904193
0.4277184009552002,MLP,30,,True,8600,adam,0.5514940023422241,6.754225614713505e-05,0.001170470262877643,0.724406898021698,1.0,99.9043836763457,99.98358353113774
0.42675480246543884,MLP,30,,True,8700,adam,0.5501805543899536,6.743736594216898e-05,0.0011670506792142987,0.7237870693206787,1.0,99.91394530871113,99.98522517802397
0.42542538046836853,MLP,30,,True,8800,adam,0.5483940243721008,6.569094693986699e-05,0.0011642009485512972,0.7229219079017639,1.0,99.92255077784003,99.98670266022157
0.42405787110328674,MLP,30,,True,8900,adam,0.5465799570083618,6.524440686916932e-05,0.001160161104053259,0.722059428691864,1.0,99.93029570005604,99.98803239419941
0.422637403011322,MLP,30,,True,9000,adam,0.5447273850440979,6.48304121568799e-05,0.0011562345316633582,0.7211794257164001,1.0,99.93726613005043,99.98922915477947
0.4212020933628082,MLP,30,,True,9100,adam,0.5428930521011353,6.442751327995211e-05,0.0011526304297149181,0.7202765345573425,1.0,99.9435395170454,99.99030623930152
0.4198022186756134,MLP,30,,True,9200,adam,0.5411320924758911,6.402171129593626e-05,0.0011494100326672196,0.719365656375885,1.0,99.94918556534085,99.99127561537136
0.418443888425827,MLP,30,,True,9300,adam,0.5394490957260132,6.361069245031103e-05,0.0011465605348348618,0.7184624075889587,1.0,99.95426700880677,99.99214805383423
0.41711804270744324,MLP,30,,True,9400,adam,0.5378283262252808,6.320200918707997e-05,0.001144007546827197,0.7175748944282532,1.0,99.9588403079261,99.99293324845081
0.4158194363117218,MLP,30,,True,9500,adam,0.536258339881897,6.280166417127475e-05,0.0011416836641728878,0.716706395149231,1.0,99.96295627713349,99.99363992360573
0.4145476818084717,MLP,30,,True,9600,adam,0.534733772277832,6.241437222342938e-05,0.0011395325418561697,0.7158575057983398,1.0,99.96666064942013,99.99427593124516
0.4133038818836212,MLP,30,,True,9700,adam,0.5332526564598083,6.203904922585934e-05,0.0011375260073691607,0.715027928352356,1.0,99.96999458447813,99.99484833812065
0.4120888113975525,MLP,30,,True,9800,adam,0.5318145751953125,6.167658284539357e-05,0.001135650440119207,0.7142171859741211,1.0,99.97299512603031,99.99536350430859
0.41090458631515503,MLP,30,,True,9900,adam,0.5304197669029236,6.132703128969297e-05,0.0011338872136548162,0.7134249210357666,1.0,99.97569561342728,99.99582715387773
0.40975210070610046,MLP,30,,True,10000,adam,0.5290685892105103,6.0991918871877715e-05,0.0011322291102260351,0.712651252746582,1.0,99.97812605208455,99.99624443848995
0.39000967144966125,MLP,30,,True,10000,lbfgs,0.511987030506134,5.455593054648489e-05,0.001165273366495967,0.6876111626625061,1.0,99.97812605208455,99.99624443848995
0.011449645273387432,MLP,30,,True,10010,lbfgs,0.03262164816260338,4.666444056056207e-06,0.00020706238865386695,0.10345236212015152,1.0,99.97812605208455,99.99624443848995
0.007783171255141497,MLP,30,,True,10020,lbfgs,0.014358362182974815,2.8871340873593e-06,6.286777352215722e-05,0.08797243982553482,1.0,99.97812605208455,99.99624443848995
0.004298849031329155,MLP,30,,True,10030,lbfgs,0.007932161912322044,1.5046223325043684e-06,3.4830150980269536e-05,0.06571914255619049,1.0,99.97812605208455,99.99624443848995
0.0010958014754578471,MLP,30,,True,10040,lbfgs,0.003428639145568013,7.171113338699797e-07,2.2612270186073147e-05,0.03155418857932091,1.0,99.97812605208455,99.99624443848995
0.00039502367144450545,MLP,30,,True,10050,lbfgs,0.002075016964226961,4.047818151775573e-07,1.6395853890571743e-05,0.017953263595700264,1.0,99.97812605208455,99.99624443848995
0.00011506021110108122,MLP,30,,True,10060,lbfgs,0.0013833886478096247,1.8094731046858215e-07,1.2502846402639989e-05,0.0075997766107320786,1.0,99.97812605208455,99.99624443848995
7.572949834866449e-05,MLP,30,,True,10070,lbfgs,0.0009914160473272204,3.76090447673505e-08,9.119607057073154e-06,0.0062161278910934925,1.0,99.97812605208455,99.99624443848995
6.575089355465025e-05,MLP,30,,True,10080,lbfgs,0.0005912478081882,1.7168822807889228e-07,5.083509677206166e-06,0.005657007917761803,1.0,99.97812605208455,99.99624443848995
5.4244072089204565e-05,MLP,30,,True,10090,lbfgs,0.0003222386003471911,2.0366029218621406e-07,2.4764226509432774e-06,0.005174203775823116,1.0,99.97812605208455,99.99624443848995
3.798826946876943e-05,MLP,30,,True,10100,lbfgs,0.00016794956172816455,1.6514078993168368e-07,1.1345507573423674e-06,0.00448425579816103,1.0,99.97812605208455,99.99624443848995
3.4717209928203374e-05,MLP,30,,True,10110,lbfgs,9.589585533831269e-05,5.353903276272831e-08,5.582801350101363e-07,0.004074073862284422,1.0,99.97812605208455,99.99624443848995
2.6545805667410605e-05,MLP,30,,True,10120,lbfgs,6.32398368907161e-05,3.556083427724843e-08,3.3139966149065003e-07,0.0037779666017740965,1.0,99.97812605208455,99.99624443848995
2.2468499082606286e-05,MLP,30,,True,10130,lbfgs,4.5617947762366384e-05,1.2429105744615754e-08,2.190763126463935e-07,0.003559061326086521,1.0,99.97812605208455,99.99624443848995
2.104611849063076e-05,MLP,30,,True,10140,lbfgs,4.331794480094686e-05,1.6344191777761807e-08,2.0638539410811063e-07,0.0035392502322793007,1.0,99.97812605208455,99.99624443848995
2.104611849063076e-05,MLP,30,,True,10150,lbfgs,4.331794480094686e-05,1.6344191777761807e-08,2.0638539410811063e-07,0.0035392502322793007,1.0,99.97812605208455,99.99624443848995
2.104611849063076e-05,MLP,30,,True,10160,lbfgs,4.331794480094686e-05,1.6344191777761807e-08,2.0638539410811063e-07,0.0035392502322793007,1.0,99.97812605208455,99.99624443848995
2.104611849063076e-05,MLP,30,,True,10170,lbfgs,4.331794480094686e-05,1.6344191777761807e-08,2.0638539410811063e-07,0.0035392502322793007,1.0,99.97812605208455,99.99624443848995
2.104611849063076e-05,MLP,30,,True,10180,lbfgs,4.331794480094686e-05,1.6344191777761807e-08,2.0638539410811063e-07,0.0035392502322793007,1.0,99.97812605208455,99.99624443848995
2.104611849063076e-05,MLP,30,,True,10190,lbfgs,4.331794480094686e-05,1.6344191777761807e-08,2.0638539410811063e-07,0.0035392502322793007,1.0,99.97812605208455,99.99624443848995
0.016275674104690552,KINN,30,20.0,False,100,adam,0.4252797067165375,0.4072818458080292,0.0017221723683178425,0.9981602430343628,1.0,1.0,1.0
0.009752863086760044,KINN,30,20.0,False,200,adam,0.15266595780849457,0.09667687118053436,0.046236224472522736,1.001524567604065,1.0,1.0,1.0
0.008517801761627197,KINN,30,20.0,False,300,adam,0.10032778978347778,0.032269079238176346,0.05954091250896454,0.9667076468467712,1.0,1.0,1.0
0.00828508846461773,KINN,30,20.0,False,400,adam,0.09018373489379883,0.02209952287375927,0.05979912728071213,0.9551489353179932,1.0,1.0,1.0
0.008091290481388569,KINN,30,20.0,False,500,adam,0.08574482798576355,0.01912747509777546,0.05852605774998665,0.949566662311554,1.0,1.0,1.0
0.008016682229936123,KINN,30,20.0,False,600,adam,0.08174368739128113,0.016939206048846245,0.056787800043821335,0.9445156455039978,1.0,1.0,1.0
0.008329729549586773,KINN,30,20.0,False,700,adam,0.07849494367837906,0.015111418440937996,0.055053796619176865,0.9396830201148987,1.0,1.0,1.0
0.007777685299515724,KINN,30,20.0,False,800,adam,0.07524172961711884,0.01371235866099596,0.05375168099999428,0.9348841309547424,1.0,1.0,1.0
0.007935721427202225,KINN,30,20.0,False,900,adam,0.07355448603630066,0.012840748764574528,0.05277801305055618,0.9307118058204651,1.0,1.0,1.0
0.0074141970835626125,KINN,30,20.0,False,1000,adam,0.0717528760433197,0.01223743800073862,0.052101243287324905,0.9277014136314392,1.0,1.0,1.0
0.0073471274226903915,KINN,30,20.0,False,1100,adam,0.07035181671380997,0.011644973419606686,0.051359716802835464,0.9241304397583008,1.0,1.0,1.0
0.007548067253082991,KINN,30,20.0,False,1200,adam,0.06921766698360443,0.011099370196461678,0.050570230931043625,0.9202309846878052,1.0,1.0,1.0
0.007600871846079826,KINN,30,20.0,False,1300,adam,0.06802903860807419,0.010628250427544117,0.04979991540312767,0.9162947535514832,1.0,1.0,1.0
0.007760435808449984,KINN,30,20.0,False,1400,adam,0.06699220836162567,0.010191655717790127,0.049040116369724274,0.9122869968414307,1.0,1.0,1.0
0.007792965043336153,KINN,30,20.0,False,1500,adam,0.06596352905035019,0.009825893677771091,0.04834466800093651,0.9085289239883423,1.0,1.0,1.0
0.007727604825049639,KINN,30,20.0,False,1600,adam,0.06482753902673721,0.0094053465873003,0.04769458621740341,0.9051352739334106,1.0,1.0,1.0
0.007842246443033218,KINN,30,20.0,False,1700,adam,0.06427937746047974,0.00920370128005743,0.047233425080776215,0.9031669497489929,1.0,1.0,1.0
0.007787794806063175,KINN,30,20.0,False,1800,adam,0.06361162662506104,0.008998261764645576,0.04682556912302971,0.9011972546577454,1.0,1.0,1.0
0.007761823013424873,KINN,30,20.0,False,1900,adam,0.06292108446359634,0.008802752941846848,0.04635651037096977,0.8990345597267151,1.0,1.0,1.0
0.007771780714392662,KINN,30,20.0,False,2000,adam,0.062214192003011703,0.008612296544015408,0.04583011567592621,0.8966320753097534,1.0,1.0,1.0
0.007778368424624205,KINN,30,20.0,False,2100,adam,0.06146775931119919,0.008443223312497139,0.04524616524577141,0.8939078450202942,1.0,1.0,1.0
0.007761269807815552,KINN,30,20.0,False,2200,adam,0.060601651668548584,0.008218100294470787,0.044622279703617096,0.890706479549408,1.0,1.0,1.0
0.0076995426788926125,KINN,30,20.0,False,2300,adam,0.059682875871658325,0.00804894883185625,0.04393438249826431,0.8873375058174133,1.0,1.0,1.0
0.0077541121281683445,KINN,30,20.0,False,2400,adam,0.05890674144029617,0.007866870611906052,0.043285761028528214,0.884033739566803,1.0,1.0,1.0
0.007721043657511473,KINN,30,20.0,False,2500,adam,0.058095190674066544,0.007687095087021589,0.04268705099821091,0.8808402419090271,1.0,1.0,1.0
0.007719581015408039,KINN,30,20.0,False,2600,adam,0.05734540522098541,0.007495024707168341,0.04213080182671547,0.87770015001297,1.0,1.0,1.0
0.007837421260774136,KINN,30,20.0,False,2700,adam,0.05675435811281204,0.007315400522202253,0.04160153493285179,0.8746588826179504,1.0,1.0,1.0
0.007793713361024857,KINN,30,20.0,False,2800,adam,0.05603049695491791,0.007133889477699995,0.04110289365053177,0.871719241142273,1.0,1.0,1.0
0.007868204265832901,KINN,30,20.0,False,2900,adam,0.055452678352594376,0.006974662654101849,0.04060981050133705,0.8688563704490662,1.0,1.0,1.0
0.007879967801272869,KINN,30,20.0,False,3000,adam,0.054817698895931244,0.006816024426370859,0.04012170433998108,0.8660032153129578,1.0,1.0,1.0
0.007945701479911804,KINN,30,20.0,False,3100,adam,0.05424223095178604,0.006674765143543482,0.03962176665663719,0.8631303310394287,1.0,1.0,1.0
0.008017399348318577,KINN,30,20.0,False,3200,adam,0.053663283586502075,0.006541558541357517,0.03910432755947113,0.8602025508880615,1.0,1.0,1.0
0.008089072071015835,KINN,30,20.0,False,3300,adam,0.05306892842054367,0.006413250230252743,0.03856660798192024,0.8572121858596802,1.0,1.0,1.0
0.008166340179741383,KINN,30,20.0,False,3400,adam,0.0524565614759922,0.00628357008099556,0.038006652146577835,0.8541365265846252,1.0,1.0,1.0
0.008243631571531296,KINN,30,20.0,False,3500,adam,0.05183415114879608,0.006151633337140083,0.03743888810276985,0.8509846925735474,1.0,1.0,1.0
0.00832995306700468,KINN,30,20.0,False,3600,adam,0.0512332059442997,0.006021065171808004,0.0368821881711483,0.8478152751922607,1.0,1.0,1.0
0.008369178511202335,KINN,30,20.0,False,3700,adam,0.05061428248882294,0.005889772903174162,0.03635533154010773,0.8446964621543884,1.0,1.0,1.0
0.008386996574699879,KINN,30,20.0,False,3800,adam,0.0500347726047039,0.005759986117482185,0.035887788981199265,0.8417828679084778,1.0,1.0,1.0
0.008401427417993546,KINN,30,20.0,False,3900,adam,0.04950455576181412,0.0056320978328585625,0.035471029579639435,0.8390705585479736,1.0,1.0,1.0
0.008403194136917591,KINN,30,20.0,False,4000,adam,0.04901909828186035,0.005508975125849247,0.035106927156448364,0.836581289768219,1.0,1.0,1.0
0.008399690501391888,KINN,30,20.0,False,4100,adam,0.048573751002550125,0.0053929854184389114,0.0347810760140419,0.8342732191085815,1.0,1.0,1.0
0.008393139578402042,KINN,30,20.0,False,4200,adam,0.048162057995796204,0.005285260733217001,0.0344836562871933,0.8321007490158081,1.0,1.0,1.0
0.008387862704694271,KINN,30,20.0,False,4300,adam,0.04777613654732704,0.005186812952160835,0.03420146182179451,0.8300209045410156,1.0,1.0,1.0
0.008388733491301537,KINN,30,20.0,False,4400,adam,0.047409236431121826,0.005094095598906279,0.03392640873789787,0.827977180480957,1.0,1.0,1.0
0.00838476326316595,KINN,30,20.0,False,4500,adam,0.04704997316002846,0.005010400898754597,0.03365480899810791,0.8259444236755371,1.0,1.0,1.0
0.008390597999095917,KINN,30,20.0,False,4600,adam,0.04669737070798874,0.004927400033921003,0.03337937220931053,0.8238807916641235,1.0,1.0,1.0
0.00840000156313181,KINN,30,20.0,False,4700,adam,0.04635251313447952,0.004849795717746019,0.03310271352529526,0.8218062520027161,1.0,1.0,1.0
0.008409962989389896,KINN,30,20.0,False,4800,adam,0.046012893319129944,0.004771687090396881,0.03283124417066574,0.8197720050811768,1.0,1.0,1.0
0.008420377969741821,KINN,30,20.0,False,4900,adam,0.04568414390087128,0.004696618299931288,0.03256714716553688,0.8178109526634216,1.0,1.0,1.0
0.008425184525549412,KINN,30,20.0,False,5000,adam,0.04535923898220062,0.0046287416480481625,0.032305315136909485,0.8159226179122925,1.0,1.0,1.0
0.008426143787801266,KINN,30,20.0,False,5100,adam,0.04503387585282326,0.00456562265753746,0.03204210847616196,0.814067542552948,1.0,1.0,1.0
0.008425788022577763,KINN,30,20.0,False,5200,adam,0.04470553621649742,0.004502840340137482,0.03177690878510475,0.8122381567955017,1.0,1.0,1.0
0.008426640182733536,KINN,30,20.0,False,5300,adam,0.04437762498855591,0.004444020334631205,0.031506963074207306,0.810390830039978,1.0,1.0,1.0
0.00843075755983591,KINN,30,20.0,False,5400,adam,0.0440545454621315,0.0043882280588150024,0.031235558912158012,0.8085318207740784,1.0,1.0,1.0
0.008440021425485611,KINN,30,20.0,False,5500,adam,0.04374164342880249,0.004335489124059677,0.03096613474190235,0.8066677451133728,1.0,1.0,1.0
0.008454031310975552,KINN,30,20.0,False,5600,adam,0.04344131425023079,0.004284612834453583,0.03070266917347908,0.804810643196106,1.0,1.0,1.0
0.008472067303955555,KINN,30,20.0,False,5700,adam,0.04315520077943802,0.004234419669955969,0.03044871613383293,0.8029778003692627,1.0,1.0,1.0
0.008492193184792995,KINN,30,20.0,False,5800,adam,0.04288388043642044,0.004186463542282581,0.030205223709344864,0.8011794686317444,1.0,1.0,1.0
0.008516237139701843,KINN,30,20.0,False,5900,adam,0.04262727126479149,0.0041394829750061035,0.029971551150083542,0.7994257807731628,1.0,1.0,1.0
0.008538062684237957,KINN,30,20.0,False,6000,adam,0.04238386079668999,0.004095263779163361,0.029750535264611244,0.7977241277694702,1.0,1.0,1.0
0.00857000332325697,KINN,30,20.0,False,6100,adam,0.04215462878346443,0.004048710223287344,0.029535915702581406,0.7960622310638428,1.0,1.0,1.0
0.008587757125496864,KINN,30,20.0,False,6200,adam,0.04192923754453659,0.004008034709841013,0.02933344803750515,0.794445276260376,1.0,1.0,1.0
0.008611705154180527,KINN,30,20.0,False,6300,adam,0.04171858727931976,0.003968261647969484,0.02913862280547619,0.7928740382194519,1.0,1.0,1.0
0.008636664599180222,KINN,30,20.0,False,6400,adam,0.041518110781908035,0.003928613383322954,0.028952833265066147,0.7913599014282227,1.0,1.0,1.0
0.00865928828716278,KINN,30,20.0,False,6500,adam,0.04132872819900513,0.0038921290542930365,0.028777312487363815,0.7899037599563599,1.0,1.0,1.0
0.008681699633598328,KINN,30,20.0,False,6600,adam,0.0411500409245491,0.0038574489299207926,0.028610890731215477,0.7885078191757202,1.0,1.0,1.0
0.008703919127583504,KINN,30,20.0,False,6700,adam,0.04098130017518997,0.0038241988513618708,0.02845318429172039,0.7871673107147217,1.0,1.0,1.0
0.00872477050870657,KINN,30,20.0,False,6800,adam,0.040821291506290436,0.0037931923288851976,0.028303327038884163,0.7858755588531494,1.0,1.0,1.0
0.008744561113417149,KINN,30,20.0,False,6900,adam,0.04066920280456543,0.0037636100314557552,0.028161033987998962,0.7846304178237915,1.0,1.0,1.0
0.008762072771787643,KINN,30,20.0,False,7000,adam,0.040524616837501526,0.0037356349639594555,0.02802691049873829,0.7834308743476868,1.0,1.0,1.0
0.008777908980846405,KINN,30,20.0,False,7100,adam,0.04038628935813904,0.0037093251012265682,0.02789905294775963,0.7822732925415039,1.0,1.0,1.0
0.008791802451014519,KINN,30,20.0,False,7200,adam,0.040254145860672,0.0036846124567091465,0.02777772955596447,0.7811588644981384,1.0,1.0,1.0
0.008805207908153534,KINN,30,20.0,False,7300,adam,0.040127817541360855,0.003660748712718487,0.02766186185181141,0.7800924777984619,1.0,1.0,1.0
0.0088167954236269,KINN,30,20.0,False,7400,adam,0.04000697284936905,0.003638413967564702,0.027551762759685516,0.7790707945823669,1.0,1.0,1.0
0.008826388977468014,KINN,30,20.0,False,7500,adam,0.03989117965102196,0.003617655485868454,0.027447134256362915,0.7780933976173401,1.0,1.0,1.0
0.00883493758738041,KINN,30,20.0,False,7600,adam,0.039780132472515106,0.0035976434592157602,0.02734755165874958,0.7771598696708679,1.0,1.0,1.0
0.00884175579994917,KINN,30,20.0,False,7700,adam,0.039673421531915665,0.0035789143294095993,0.02725275233387947,0.7762698531150818,1.0,1.0,1.0
0.008847775869071484,KINN,30,20.0,False,7800,adam,0.03957083448767662,0.0035608524922281504,0.027162205427885056,0.7754193544387817,1.0,1.0,1.0
0.008851488120853901,KINN,30,20.0,False,7900,adam,0.039471738040447235,0.0035441340878605843,0.02707611583173275,0.7746067047119141,1.0,1.0,1.0
0.008853871375322342,KINN,30,20.0,False,8000,adam,0.03937622532248497,0.0035277872812002897,0.02699456736445427,0.7738327980041504,1.0,1.0,1.0
0.008855096064507961,KINN,30,20.0,False,8100,adam,0.03928395360708237,0.0035122341942042112,0.02691662311553955,0.7730938196182251,1.0,1.0,1.0
0.00885491631925106,KINN,30,20.0,False,8200,adam,0.039194654673337936,0.0034974662121385336,0.0268422719091177,0.7723874449729919,1.0,1.0,1.0
0.008853666484355927,KINN,30,20.0,False,8300,adam,0.03910819813609123,0.003483276115730405,0.02677125670015812,0.7717123031616211,1.0,1.0,1.0
0.008851110935211182,KINN,30,20.0,False,8400,adam,0.0390244722366333,0.0034697134979069233,0.026703648269176483,0.771066427230835,1.0,1.0,1.0
0.00884728692471981,KINN,30,20.0,False,8500,adam,0.0389433279633522,0.003456503851339221,0.026639537885785103,0.7704479694366455,1.0,1.0,1.0
0.00884274858981371,KINN,30,20.0,False,8600,adam,0.03886478766798973,0.0034438399598002434,0.026578199118375778,0.7698559165000916,1.0,1.0,1.0
0.008837631903588772,KINN,30,20.0,False,8700,adam,0.03878878057003021,0.0034314149525016546,0.026519734412431717,0.7692891359329224,1.0,1.0,1.0
0.008831833489239216,KINN,30,20.0,False,8800,adam,0.03871528431773186,0.0034195519983768463,0.02646389789879322,0.768746554851532,1.0,1.0,1.0
0.008825419470667839,KINN,30,20.0,False,8900,adam,0.038644276559352875,0.003408159827813506,0.026410697028040886,0.7682271599769592,1.0,1.0,1.0
0.008818771690130234,KINN,30,20.0,False,9000,adam,0.038575731217861176,0.003397089894860983,0.02635987102985382,0.7677310109138489,1.0,1.0,1.0
0.008811512030661106,KINN,30,20.0,False,9100,adam,0.03850960358977318,0.003386478405445814,0.026311613619327545,0.7672574520111084,1.0,1.0,1.0
0.00880406703799963,KINN,30,20.0,False,9200,adam,0.038445841521024704,0.003376366337761283,0.026265406981110573,0.7668052911758423,1.0,1.0,1.0
0.008796575479209423,KINN,30,20.0,False,9300,adam,0.038384392857551575,0.003366653574630618,0.02622116543352604,0.7663737535476685,1.0,1.0,1.0
0.00878880824893713,KINN,30,20.0,False,9400,adam,0.03832516819238663,0.003357523586601019,0.026178834959864616,0.7659616470336914,1.0,1.0,1.0
0.00878095906227827,KINN,30,20.0,False,9500,adam,0.038268111646175385,0.0033487952314317226,0.02613835595548153,0.7655680775642395,1.0,1.0,1.0
0.008772964589297771,KINN,30,20.0,False,9600,adam,0.03821319341659546,0.003340426366776228,0.026099804788827896,0.7651923894882202,1.0,1.0,1.0
0.008764891885221004,KINN,30,20.0,False,9700,adam,0.038160309195518494,0.0033325001131743193,0.026062918826937675,0.7648340463638306,1.0,1.0,1.0
0.008756861090660095,KINN,30,20.0,False,9800,adam,0.038109391927719116,0.0033249857369810343,0.02602754719555378,0.7644923329353333,1.0,1.0,1.0
0.008748606778681278,KINN,30,20.0,False,9900,adam,0.03806035593152046,0.0033179728779941797,0.025993777438998222,0.7641662955284119,1.0,1.0,1.0
0.008740391582250595,KINN,30,20.0,False,10000,adam,0.03801313787698746,0.0033112745732069016,0.02596147358417511,0.7638553380966187,1.0,1.0,1.0
0.008831125684082508,KINN,30,20.0,False,10000,lbfgs,0.037906914949417114,0.0032891028095036745,0.025786686688661575,0.7618792057037354,1.0,1.0,1.0
0.008458826690912247,KINN,30,20.0,False,10010,lbfgs,0.036336757242679596,0.0030966741032898426,0.024781255051493645,0.753045380115509,1.0,1.0,1.0
0.008600489236414433,KINN,30,20.0,False,10020,lbfgs,0.035475119948387146,0.0027850193437188864,0.02408961020410061,0.7440154552459717,1.0,1.0,1.0
0.008664599619805813,KINN,30,20.0,False,10030,lbfgs,0.03487911447882652,0.002617867197841406,0.02359664812684059,0.7385094165802002,1.0,1.0,1.0
0.008729915134608746,KINN,30,20.0,False,10040,lbfgs,0.03441022336483002,0.002448848681524396,0.02323145791888237,0.7324303984642029,1.0,1.0,1.0
0.008725923486053944,KINN,30,20.0,False,10050,lbfgs,0.03393715247511864,0.002523355185985565,0.022687874734401703,0.7282226085662842,1.0,1.0,1.0
0.008672910742461681,KINN,30,20.0,False,10060,lbfgs,0.03346170485019684,0.002458198694512248,0.022330595180392265,0.722693145275116,1.0,1.0,1.0
0.008590604178607464,KINN,30,20.0,False,10070,lbfgs,0.03306962922215462,0.002430765191093087,0.022048261016607285,0.7192128300666809,1.0,1.0,1.0
0.008709575049579144,KINN,30,20.0,False,10080,lbfgs,0.0328172966837883,0.0023149503394961357,0.02179276943206787,0.7148785591125488,1.0,1.0,1.0
0.008709744550287724,KINN,30,20.0,False,10090,lbfgs,0.032594405114650726,0.0022920023184269667,0.021592656150460243,0.7122631669044495,1.0,1.0,1.0
0.008611394092440605,KINN,30,20.0,False,10100,lbfgs,0.03228697180747986,0.0021939720027148724,0.021481603384017944,0.7077049016952515,1.0,1.0,1.0
0.008642812259495258,KINN,30,20.0,False,10110,lbfgs,0.03193606063723564,0.0022947429679334164,0.020998505875468254,0.7030072808265686,1.0,1.0,1.0
0.008862261660397053,KINN,30,20.0,False,10120,lbfgs,0.031464435160160065,0.002072264440357685,0.020529909059405327,0.6933743953704834,1.0,1.0,1.0
0.008538595400750637,KINN,30,20.0,False,10130,lbfgs,0.0310976542532444,0.0021084819454699755,0.02045057713985443,0.6907570958137512,1.0,1.0,1.0
0.008642635308206081,KINN,30,20.0,False,10140,lbfgs,0.03085886314511299,0.0020814528688788414,0.02013477496802807,0.6858647465705872,1.0,1.0,1.0
0.008511095307767391,KINN,30,20.0,False,10150,lbfgs,0.030610982328653336,0.0020410786382853985,0.020058808848261833,0.6832567453384399,1.0,1.0,1.0
0.008507375605404377,KINN,30,20.0,False,10160,lbfgs,0.030374426394701004,0.001951746759004891,0.019915303215384483,0.6800782084465027,1.0,1.0,1.0
0.008452258072793484,KINN,30,20.0,False,10170,lbfgs,0.030239302664995193,0.0020089284516870975,0.019778115674853325,0.6790204644203186,1.0,1.0,1.0
0.008497011847794056,KINN,30,20.0,False,10180,lbfgs,0.030102591961622238,0.0019169125007465482,0.019688667729496956,0.6765533685684204,1.0,1.0,1.0
0.00842915941029787,KINN,30,20.0,False,10190,lbfgs,0.029928606003522873,0.0018533747643232346,0.019646070897579193,0.6745030283927917,1.0,1.0,1.0
0.016275497153401375,KINN,30,20.0,True,100,adam,0.6136298179626465,0.4072820246219635,0.0017221792368218303,0.998136043548584,1.0,1.4307460477954999,8.499184869443257
0.04860243946313858,KINN,30,20.0,True,200,adam,0.7082446813583374,0.14392614364624023,0.01185219269245863,0.9625340700149536,1.0,3.1352775155364574,17.582724389828837
0.14613138139247894,KINN,30,20.0,True,300,adam,0.9604931473731995,0.05914383381605148,0.00867778342217207,0.9102760553359985,1.0,9.980123604549478,25.82445195084595
0.2976609766483307,KINN,30,20.0,True,400,adam,0.7547764778137207,0.009274852462112904,0.008454939350485802,0.862542986869812,1.0,18.98211124409453,33.24200675576135
0.3556573987007141,KINN,30,20.0,True,500,adam,0.6699903011322021,0.0026685355696827173,0.006063925102353096,0.8229106664657593,1.0,27.083900119685076,39.917806080185215
0.3681481182575226,KINN,30,20.0,True,600,adam,0.6020205020904541,0.0011484919814392924,0.00423272792249918,0.7785834074020386,1.0,34.375510107716565,45.92602547216669
0.3705187439918518,KINN,30,20.0,True,700,adam,0.5613939762115479,0.0006426259060390294,0.003205853281542659,0.7440219521522522,1.0,40.93795909694491,51.33342292495002
0.36966952681541443,KINN,30,20.0,True,800,adam,0.5349749326705933,0.00040890698437578976,0.0026005383115261793,0.7170026302337646,1.0,46.844163187250416,56.20008063245502
0.36340999603271484,KINN,30,20.0,True,900,adam,0.5065038800239563,0.0002791999722830951,0.0021216694731265306,0.6889221668243408,1.0,52.159746868525374,60.58007256920952
0.3567728102207184,KINN,30,20.0,True,1000,adam,0.48611727356910706,0.00023199863790068775,0.0017999050905928016,0.6673677563667297,1.0,56.94377218167284,64.52206531228856
0.3530021905899048,KINN,30,20.0,True,1100,adam,0.4719650149345398,0.0001832502312026918,0.0015827687457203865,0.6514322757720947,1.0,61.24939496350556,68.06985878105971
0.34292909502983093,KINN,30,20.0,True,1200,adam,0.45076075196266174,0.00015191013517323881,0.0013743286253884435,0.6290016174316406,1.0,65.124455467155,71.26287290295373
0.33371302485466003,KINN,30,20.0,True,1300,adam,0.43338897824287415,0.0001418428437318653,0.00121321773622185,0.6041648387908936,1.0,68.6120099204395,74.13658561265837
0.32466772198677063,KINN,30,20.0,True,1400,adam,0.4144880771636963,0.00011885287676705047,0.0010595605708658695,0.5838523507118225,1.0,71.75080892839556,76.72292705139253
0.31573253870010376,KINN,30,20.0,True,1500,adam,0.3985450565814972,0.00010781172022689134,0.0009458797285333276,0.5628798604011536,1.0,74.575728035556,79.05063434625328
0.3029937446117401,KINN,30,20.0,True,1600,adam,0.37810683250427246,9.559661702951416e-05,0.0008348064147867262,0.5380369424819946,1.0,77.1181552320004,81.14557091162796
0.28927186131477356,KINN,30,20.0,True,1700,adam,0.35534927248954773,8.373291348107159e-05,0.0007157384534366429,0.5126010775566101,1.0,79.40633970880036,83.03101382046516
0.2754932641983032,KINN,30,20.0,True,1800,adam,0.33397963643074036,6.98761796229519e-05,0.0006230988656170666,0.48681125044822693,1.0,81.46570573792033,84.72791243841864
0.2591269314289093,KINN,30,20.0,True,1900,adam,0.3117963671684265,6.592518911929801e-05,0.0005469425232149661,0.4596656858921051,1.0,83.3191351641283,86.25512119457677
0.2524240016937256,KINN,30,20.0,True,2000,adam,0.30031800270080566,5.370335202314891e-05,0.000494466454256326,0.43709951639175415,1.0,84.98722164771547,87.62960907511909
0.23508945107460022,KINN,30,20.0,True,2100,adam,0.27946633100509644,4.7716657718410715e-05,0.00045292533468455076,0.4191758334636688,1.0,86.48849948294392,88.86664816760718
0.22593697905540466,KINN,30,20.0,True,2200,adam,0.2669540345668793,4.091875598533079e-05,0.0004159010131843388,0.40313729643821716,1.0,87.83964953464954,89.97998335084647
0.21669070422649384,KINN,30,20.0,True,2300,adam,0.2546750605106354,3.674081017379649e-05,0.0003815301170106977,0.38695526123046875,1.0,89.0556845811846,90.98198501576182
0.20809122920036316,KINN,30,20.0,True,2400,adam,0.2430194914340973,3.194740929757245e-05,0.00034879043232649565,0.371513694524765,1.0,90.15011612306614,91.88378651418564
0.19956384599208832,KINN,30,20.0,True,2500,adam,0.23220235109329224,2.8787346309400164e-05,0.0003238019999116659,0.35670939087867737,1.0,91.13510451075953,92.69540786276708
0.19404788315296173,KINN,30,20.0,True,2600,adam,0.22459277510643005,2.4634589863126166e-05,0.0003026782360393554,0.3453252911567688,1.0,92.02159405968358,93.42586707649038
0.18921901285648346,KINN,30,20.0,True,2700,adam,0.2202567607164383,2.7000602131010965e-05,0.0003032586246263236,0.33794158697128296,1.0,92.81943465371522,94.08328036884134
0.18570755422115326,KINN,30,20.0,True,2800,adam,0.21541163325309753,2.551998659328092e-05,0.000288534676656127,0.33080554008483887,1.0,93.5374911883437,94.67495233195721
0.1823122352361679,KINN,30,20.0,True,2900,adam,0.21088066697120667,2.4297349227708764e-05,0.0002760290226433426,0.32390373945236206,1.0,94.18374206950932,95.2074570987615
0.17889469861984253,KINN,30,20.0,True,3000,adam,0.20654454827308655,2.2976200853008777e-05,0.0002662074111867696,0.3168467879295349,1.0,94.76536786255839,95.68671138888534
0.17549651861190796,KINN,30,20.0,True,3100,adam,0.2021789848804474,2.1798266971018165e-05,0.0002559908025432378,0.30971038341522217,1.0,95.28883107630256,96.11804024999681
0.17218494415283203,KINN,30,20.0,True,3200,adam,0.19803492724895477,2.0881019736407325e-05,0.00024713852326385677,0.30250605940818787,1.0,95.75994796867231,96.50623622499712
0.16893887519836426,KINN,30,20.0,True,3300,adam,0.19386038184165955,1.9733433873625472e-05,0.00023770914413034916,0.2950819134712219,1.0,96.18395317180507,96.85561260249742
0.16545942425727844,KINN,30,20.0,True,3400,adam,0.18911755084991455,1.8049338905257173e-05,0.00022553438611794263,0.28702378273010254,1.0,96.56555785462457,97.17005134224767
0.1619909703731537,KINN,30,20.0,True,3500,adam,0.18472370505332947,1.650066587899346e-05,0.00021686003310605884,0.2787562310695648,1.0,96.90900206916211,97.45304620802291
0.15837039053440094,KINN,30,20.0,True,3600,adam,0.17962907254695892,1.3181532267481089e-05,0.00020445871632546186,0.2701586186885834,1.0,97.2181018622459,97.70774158722062
0.15486305952072144,KINN,30,20.0,True,3700,adam,0.175868421792984,1.4957461644371506e-05,0.0001995881029870361,0.264131635427475,1.0,97.49629167602131,97.93696742849856
0.15197300910949707,KINN,30,20.0,True,3800,adam,0.17235597968101501,1.438061644876143e-05,0.00019336334662511945,0.25784868001937866,1.0,97.74666250841919,98.1432706856487
0.14866922795772552,KINN,30,20.0,True,3900,adam,0.16838140785694122,1.3983185453980695e-05,0.00018653945880942047,0.25085926055908203,1.0,97.97199625757727,98.32894361708384
0.1450926661491394,KINN,30,20.0,True,4000,adam,0.16409994661808014,1.3569700058724266e-05,0.0001794495910871774,0.24339306354522705,1.0,98.17479663181955,98.49604925537545
0.1413092017173767,KINN,30,20.0,True,4100,adam,0.1596878618001938,1.2464863175409846e-05,0.0001738800638122484,0.2357008457183838,1.0,98.35731696863759,98.6464443298379
0.13846270740032196,KINN,30,20.0,True,4200,adam,0.15698696672916412,1.3980614312458783e-05,0.00017358330660499632,0.23049823939800262,1.0,98.52158527177383,98.78179989685411
0.13590107858181,KINN,30,20.0,True,4300,adam,0.15329718589782715,1.296400478167925e-05,0.00016295623208861798,0.22468966245651245,1.0,98.66942674459645,98.9036199071687
0.13359160721302032,KINN,30,20.0,True,4400,adam,0.15106146037578583,1.3175841559132095e-05,0.00016329172649420798,0.21977998316287994,1.0,98.80248407013681,99.01325791645183
0.1313735842704773,KINN,30,20.0,True,4500,adam,0.14820683002471924,1.2476774827518966e-05,0.0001573878398630768,0.21558499336242676,1.0,98.92223566312313,99.11193212480666
0.12918974459171295,KINN,30,20.0,True,4600,adam,0.14510832726955414,1.1645615813904442e-05,0.0001488428533775732,0.21095049381256104,1.0,99.03001209681082,99.20073891232599
0.12676188349723816,KINN,30,20.0,True,4700,adam,0.1420905590057373,1.1309582987450995e-05,0.00014310533879324794,0.20586535334587097,1.0,99.12701088712974,99.2806650210934
0.12405790388584137,KINN,30,20.0,True,4800,adam,0.1387910097837448,1.0736655895016156e-05,0.0001375694409944117,0.20033904910087585,1.0,99.21430979841676,99.35259851898407
0.12160304188728333,KINN,30,20.0,True,4900,adam,0.13581514358520508,1.0488210136827547e-05,0.0001324788754573092,0.1954229325056076,1.0,99.29287881857509,99.41733866708566
0.11921989917755127,KINN,30,20.0,True,5000,adam,0.1332019865512848,1.0646388545865193e-05,0.00012992360279895365,0.19086472690105438,1.0,99.36359093671759,99.4756048003771
0.11723943054676056,KINN,30,20.0,True,5100,adam,0.13057342171669006,1.0188639862462878e-05,0.00012379387044347823,0.18648234009742737,1.0,99.42723184304583,99.52804432033939
0.11566578596830368,KINN,30,20.0,True,5200,adam,0.12857432663440704,9.599556506145746e-06,0.00012004520249320194,0.18320046365261078,1.0,99.48450865874125,99.57523988830545
0.11402638256549835,KINN,30,20.0,True,5300,adam,0.12675903737545013,9.540769497107249e-06,0.00011828215792775154,0.18036922812461853,1.0,99.53605779286713,99.6177158994749
0.11247988790273666,KINN,30,20.0,True,5400,adam,0.12518370151519775,9.136796506936662e-06,0.00011834659380838275,0.1774444729089737,1.0,99.58245201358042,99.65594430952741
0.11120515316724777,KINN,30,20.0,True,5500,adam,0.12352225184440613,8.973017429525498e-06,0.0001145865535363555,0.17489008605480194,1.0,99.62420681222238,99.69034987857468
0.10998159646987915,KINN,30,20.0,True,5600,adam,0.12201791256666183,8.768951374804601e-06,0.00011193581303814426,0.17243310809135437,1.0,99.66178613100014,99.72131489071721
0.1087372824549675,KINN,30,20.0,True,5700,adam,0.12055258452892303,8.56625774758868e-06,0.00010988848225679249,0.17001307010650635,1.0,99.69560751790013,99.7491834016455
0.10758202522993088,KINN,30,20.0,True,5800,adam,0.11909844726324081,8.240817805926781e-06,0.00010718794510466978,0.16754232347011566,1.0,99.72604676611012,99.77426506148095
0.10624085366725922,KINN,30,20.0,True,5900,adam,0.11751168966293335,8.168943168129772e-06,0.00010477244359208271,0.16491417586803436,1.0,99.7534420894991,99.79683855533285
0.10465151816606522,KINN,30,20.0,True,6000,adam,0.11568445712327957,8.296521627926268e-06,0.00010223819845123217,0.16201940178871155,1.0,99.7780978805492,99.81715469979957
0.10302380472421646,KINN,30,20.0,True,6100,adam,0.11378070712089539,7.898492185631767e-06,9.985059296013787e-05,0.1590467393398285,1.0,99.80028809249428,99.83543922981961
0.10186394304037094,KINN,30,20.0,True,6200,adam,0.11236482113599777,7.584878403577022e-06,9.758200030773878e-05,0.15677416324615479,1.0,99.82025928324485,99.85189530683765
0.10053163021802902,KINN,30,20.0,True,6300,adam,0.1109137237071991,7.499769253627164e-06,9.646191028878093e-05,0.15445880591869354,1.0,99.83823335492036,99.86670577615388
0.09965266287326813,KINN,30,20.0,True,6400,adam,0.1098177433013916,7.3002393037313595e-06,9.447452612221241e-05,0.15278011560440063,1.0,99.85441001942833,99.8800351985385
0.0987733006477356,KINN,30,20.0,True,6500,adam,0.10881194472312927,7.190856649685884e-06,9.330575267085806e-05,0.15125307440757751,1.0,99.8689690174855,99.89203167868465
0.09790001809597015,KINN,30,20.0,True,6600,adam,0.10780918598175049,7.074268978612963e-06,9.211530414177105e-05,0.14974035322666168,1.0,99.88207211573695,99.90282851081618
0.0970151349902153,KINN,30,20.0,True,6700,adam,0.10679858922958374,6.9782563514309e-06,9.094322012970224e-05,0.14823342859745026,1.0,99.89386490416325,99.91254565973456
0.0960826501250267,KINN,30,20.0,True,6800,adam,0.10576360672712326,6.919359293533489e-06,8.996768883662298e-05,0.14669422805309296,1.0,99.90447841374693,99.92129109376111
0.09510061144828796,KINN,30,20.0,True,6900,adam,0.10461442917585373,6.71074712954578e-06,8.849584264680743e-05,0.14497651159763336,1.0,99.91403057237224,99.929161984385
0.09400331974029541,KINN,30,20.0,True,7000,adam,0.10337084531784058,6.711436981277075e-06,8.702446211827919e-05,0.14311842620372772,1.0,99.92262751513502,99.93624578594651
0.09287197142839432,KINN,30,20.0,True,7100,adam,0.10204261541366577,6.563099304912612e-06,8.519682887708768e-05,0.14114029705524445,1.0,99.93036476362153,99.94262120735186
0.09176415950059891,KINN,30,20.0,True,7200,adam,0.10080502182245255,6.334306817734614e-06,8.412176975980401e-05,0.13925692439079285,1.0,99.93732828725938,99.94835908661668
0.09089558571577072,KINN,30,20.0,True,7300,adam,0.09981896728277206,6.27265353614348e-06,8.300327317556366e-05,0.137807235121727,1.0,99.94359545853344,99.953523177955
0.09018298238515854,KINN,30,20.0,True,7400,adam,0.09890471398830414,6.115635187597945e-06,8.113875082926825e-05,0.13648709654808044,1.0,99.9492359126801,99.95817086015951
0.08919201046228409,KINN,30,20.0,True,7500,adam,0.09778360277414322,5.9725389291998e-06,7.997627108125016e-05,0.13482250273227692,1.0,99.95431232141209,99.96235377414357
0.08847322314977646,KINN,30,20.0,True,7600,adam,0.09694759547710419,6.0301931625872385e-06,7.874268339946866e-05,0.13358177244663239,1.0,99.95888108927089,99.96611839672921
0.08763662725687027,KINN,30,20.0,True,7700,adam,0.09597975015640259,5.977621185593307e-06,7.747938798274845e-05,0.13215358555316925,1.0,99.9629929803438,99.96950655705629
0.08673109114170074,KINN,30,20.0,True,7800,adam,0.09492839872837067,5.906750629947055e-06,7.60891562094912e-05,0.13061289489269257,1.0,99.96669368230943,99.97255590135066
0.08607468754053116,KINN,30,20.0,True,7900,adam,0.09410392493009567,5.809744834550656e-06,7.450277189491317e-05,0.12939423322677612,1.0,99.97002431407849,99.97530031121559
0.08548489212989807,KINN,30,20.0,True,8000,adam,0.09346969425678253,5.796324330731295e-06,7.406969962175936e-05,0.12850363552570343,1.0,99.97302188267064,99.97777028009403
0.08480234444141388,KINN,30,20.0,True,8100,adam,0.09266363084316254,5.734318165195873e-06,7.289454515557736e-05,0.1273352950811386,1.0,99.97571969440358,99.97999325208464
0.08402477949857712,KINN,30,20.0,True,8200,adam,0.09175372123718262,5.685961696144659e-06,7.16175782145001e-05,0.12603287398815155,1.0,99.97814772496322,99.98199392687617
0.08329136669635773,KINN,30,20.0,True,8300,adam,0.09089507907629013,5.63973162570619e-06,7.040992204565555e-05,0.12481755018234253,1.0,99.9803329524669,99.98379453418856
0.08259766548871994,KINN,30,20.0,True,8400,adam,0.09008277952671051,5.6000176300585736e-06,6.926221976755187e-05,0.1236751452088356,1.0,99.98229965722021,99.98541508076971
0.08194036781787872,KINN,30,20.0,True,8500,adam,0.08931299299001694,5.564816092373803e-06,6.817129178671166e-05,0.12259774655103683,1.0,99.98406969149819,99.98687357269274
0.08131705969572067,KINN,30,20.0,True,8600,adam,0.08858279138803482,5.533819148695329e-06,6.713221227983013e-05,0.12157975882291794,1.0,99.98566272234838,99.98818621542347
0.0807252749800682,KINN,30,20.0,True,8700,adam,0.08788979053497314,5.506427442014683e-06,6.614650919800624e-05,0.12061601877212524,1.0,99.98709645011354,99.98936759388113
0.0801631435751915,KINN,30,20.0,True,8800,adam,0.08723217993974686,5.4839638323755935e-06,6.521325121866539e-05,0.11970363557338715,1.0,99.9883868051022,99.99043083449301
0.07963047176599503,KINN,30,20.0,True,8900,adam,0.08660820871591568,5.463937668537255e-06,6.43195235170424e-05,0.11883766204118729,1.0,99.98954812459198,99.99138775104372
0.07912430167198181,KINN,30,20.0,True,9000,adam,0.08601652830839157,5.448613592307083e-06,6.347912858473137e-05,0.11801604926586151,1.0,99.99059331213279,99.99224897593935
0.07864561676979065,KINN,30,20.0,True,9100,adam,0.08545559644699097,5.435281309473794e-06,6.266932905418798e-05,0.11723523586988449,1.0,99.99153398091951,99.99302407834541
0.07819067686796188,KINN,30,20.0,True,9200,adam,0.08492423593997955,5.423652055469574e-06,6.191628926899284e-05,0.11649277806282043,1.0,99.99238058282756,99.99372167051088
0.07776101678609848,KINN,30,20.0,True,9300,adam,0.08442118018865585,5.4145234571478795e-06,6.119093450251967e-05,0.1157875508069992,1.0,99.99314252454481,99.99434950345979
0.07735366374254227,KINN,30,20.0,True,9400,adam,0.08394519984722137,5.4082952374301385e-06,6.0510497860377654e-05,0.11511653661727905,1.0,99.99382827209033,99.99491455311382
0.07696794718503952,KINN,30,20.0,True,9500,adam,0.08349501341581345,5.40374048796366e-06,5.986991891404614e-05,0.11447840929031372,1.0,99.9944454448813,99.99542309780243
0.07660328596830368,KINN,30,20.0,True,9600,adam,0.08306937664747238,5.3982498684490565e-06,5.9265414165565744e-05,0.11387120932340622,1.0,99.99500090039317,99.99588078802219
0.07625852525234222,KINN,30,20.0,True,9700,adam,0.08266685158014297,5.395300831878558e-06,5.869042070116848e-05,0.11329352855682373,1.0,99.99550081035385,99.99629270921997
0.07593286037445068,KINN,30,20.0,True,9800,adam,0.08228624612092972,5.393042556534056e-06,5.814298492623493e-05,0.11274388432502747,1.0,99.99595072931847,99.99666343829797
0.07562407106161118,KINN,30,20.0,True,9900,adam,0.08192647993564606,5.390631486079656e-06,5.763537046732381e-05,0.1122199147939682,1.0,99.99635565638663,99.99699709446817
0.07533254474401474,KINN,30,20.0,True,10000,adam,0.08158610761165619,5.388438694353681e-06,5.7148878113366663e-05,0.11172088235616684,1.0,99.99672009074797,99.99729738502135
0.07449246942996979,KINN,30,20.0,True,10000,lbfgs,0.08070336282253265,5.165401489648502e-06,5.6945205869851634e-05,0.10987738519906998,1.0,99.99672009074797,99.99729738502135
0.06764593720436096,KINN,30,20.0,True,10010,lbfgs,0.0721597895026207,5.565816081798403e-06,3.9573933463543653e-05,0.08286350220441818,1.0,99.99672009074797,99.99729738502135
0.06283039599657059,KINN,30,20.0,True,10020,lbfgs,0.0671587735414505,6.855724222987192e-06,3.642928641056642e-05,0.07609327882528305,1.0,99.99672009074797,99.99729738502135
0.058462634682655334,KINN,30,20.0,True,10030,lbfgs,0.06213466823101044,5.0462463150324766e-06,3.167511022184044e-05,0.06840511411428452,1.0,99.99672009074797,99.99729738502135
0.055815037339925766,KINN,30,20.0,True,10040,lbfgs,0.05882396921515465,3.385981699466356e-06,2.670415778993629e-05,0.060425352305173874,1.0,99.99672009074797,99.99729738502135
0.05332216992974281,KINN,30,20.0,True,10050,lbfgs,0.05630353093147278,2.5325878141302383e-06,2.728186154854484e-05,0.0632830485701561,1.0,99.99672009074797,99.99729738502135
0.05162452533841133,KINN,30,20.0,True,10060,lbfgs,0.05440772697329521,2.466240175635903e-06,2.5366549380123615e-05,0.054852116852998734,1.0,99.99672009074797,99.99729738502135
0.050728488713502884,KINN,30,20.0,True,10070,lbfgs,0.05337771028280258,2.5267490855185315e-06,2.3966174921952188e-05,0.053580328822135925,1.0,99.99672009074797,99.99729738502135
0.04944029077887535,KINN,30,20.0,True,10080,lbfgs,0.05222635716199875,2.5458430172875524e-06,2.5315588572993875e-05,0.0543418787419796,1.0,99.99672009074797,99.99729738502135
0.04823058471083641,KINN,30,20.0,True,10090,lbfgs,0.05088917538523674,2.501807784938137e-06,2.408484033367131e-05,0.05394791066646576,1.0,99.99672009074797,99.99729738502135
0.04697060585021973,KINN,30,20.0,True,10100,lbfgs,0.04976053908467293,2.657161758179427e-06,2.5242958145099692e-05,0.05646372586488724,1.0,99.99672009074797,99.99729738502135
0.04584918171167374,KINN,30,20.0,True,10110,lbfgs,0.04876229166984558,2.721635382840759e-06,2.6410267309984192e-05,0.054688960313797,1.0,99.99672009074797,99.99729738502135
0.04501763731241226,KINN,30,20.0,True,10120,lbfgs,0.0478249154984951,2.9157429253245937e-06,2.5157809432130307e-05,0.053296007215976715,1.0,99.99672009074797,99.99729738502135
0.044132158160209656,KINN,30,20.0,True,10130,lbfgs,0.0468965619802475,2.6368197723058984e-06,2.5007990188896656e-05,0.05328328162431717,1.0,99.99672009074797,99.99729738502135
0.04336867108941078,KINN,30,20.0,True,10140,lbfgs,0.04604291170835495,2.4526409561076434e-06,2.429052983643487e-05,0.05177277699112892,1.0,99.99672009074797,99.99729738502135
0.042754627764225006,KINN,30,20.0,True,10150,lbfgs,0.045419562608003616,2.841134801201406e-06,2.3808930563973263e-05,0.05059822276234627,1.0,99.99672009074797,99.99729738502135
0.04214790090918541,KINN,30,20.0,True,10160,lbfgs,0.04473332688212395,3.2579534945398336e-06,2.2597012502956204e-05,0.050999872386455536,1.0,99.99672009074797,99.99729738502135
0.041352566331624985,KINN,30,20.0,True,10170,lbfgs,0.04379855468869209,2.756754611255019e-06,2.170380685129203e-05,0.05336951091885567,1.0,99.99672009074797,99.99729738502135
0.04071564972400665,KINN,30,20.0,True,10180,lbfgs,0.043116308748722076,2.282470177306095e-06,2.172474705730565e-05,0.05185653269290924,1.0,99.99672009074797,99.99729738502135
0.04007184877991676,KINN,30,20.0,True,10190,lbfgs,0.04235624149441719,1.8631926650414243e-06,2.0981377019779757e-05,0.05361185595393181,1.0,99.99672009074797,99.99729738502135
