pde,model,n,grid_size,adaptive,epoch,phase,total,ic,bc,l2,w_pde,w_ic,w_bc
400998.375,MLP,8,,False,100,adam,401004.6875,0.0,6.300765037536621,3.915186882019043,1.0,1.0,1.0
387931.40625,MLP,8,,False,200,adam,387964.90625,0.0,33.4896354675293,10.197063446044922,1.0,1.0,1.0
302134.34375,MLP,8,,False,300,adam,302209.4375,0.0,75.08912658691406,15.185786247253418,1.0,1.0,1.0
264168.78125,MLP,8,,False,400,adam,264277.53125,0.0,108.74649047851562,17.85493278503418,1.0,1.0,1.0
256946.96875,MLP,8,,False,500,adam,257057.953125,0.0,110.98055267333984,18.18096351623535,1.0,1.0,1.0
247249.8125,MLP,8,,False,600,adam,247349.5,0.0,99.68473815917969,17.187952041625977,1.0,1.0,1.0
236956.546875,MLP,8,,False,700,adam,237053.109375,0.0,96.56269836425781,16.66853904724121,1.0,1.0,1.0
228991.046875,MLP,8,,False,800,adam,229088.046875,0.0,96.99359130859375,16.358774185180664,1.0,1.0,1.0
222687.796875,MLP,8,,False,900,adam,222786.328125,0.0,98.526611328125,16.329452514648438,1.0,1.0,1.0
213787.578125,MLP,8,,False,1000,adam,213887.0,0.0,99.41551971435547,16.489227294921875,1.0,1.0,1.0
204786.109375,MLP,8,,False,1100,adam,204885.28125,0.0,99.17511749267578,16.664384841918945,1.0,1.0,1.0
192772.25,MLP,8,,False,1200,adam,192870.5625,0.0,98.31981658935547,16.93924903869629,1.0,1.0,1.0
178269.921875,MLP,8,,False,1300,adam,178371.0625,0.0,101.14271545410156,17.44970703125,1.0,1.0,1.0
163211.09375,MLP,8,,False,1400,adam,163317.359375,0.0,106.26583099365234,17.778705596923828,1.0,1.0,1.0
148787.578125,MLP,8,,False,1500,adam,148901.46875,0.0,113.89411163330078,18.15515899658203,1.0,1.0,1.0
136874.65625,MLP,8,,False,1600,adam,136988.90625,0.0,114.2532958984375,18.083133697509766,1.0,1.0,1.0
125645.1640625,MLP,8,,False,1700,adam,125759.15625,0.0,113.9912109375,17.908489227294922,1.0,1.0,1.0
115286.8125,MLP,8,,False,1800,adam,115402.609375,0.0,115.79800415039062,17.688270568847656,1.0,1.0,1.0
106352.421875,MLP,8,,False,1900,adam,106472.375,0.0,119.9546890258789,17.581432342529297,1.0,1.0,1.0
97708.6640625,MLP,8,,False,2000,adam,97832.2265625,0.0,123.56417083740234,17.557483673095703,1.0,1.0,1.0
91200.640625,MLP,8,,False,2100,adam,91328.515625,0.0,127.87864685058594,17.648754119873047,1.0,1.0,1.0
85328.6875,MLP,8,,False,2200,adam,85462.328125,0.0,133.64125061035156,17.843040466308594,1.0,1.0,1.0
79607.53125,MLP,8,,False,2300,adam,79746.828125,0.0,139.29806518554688,18.05708885192871,1.0,1.0,1.0
74741.0,MLP,8,,False,2400,adam,74884.2890625,0.0,143.2904510498047,18.228248596191406,1.0,1.0,1.0
70994.453125,MLP,8,,False,2500,adam,71142.2109375,0.0,147.76144409179688,18.431339263916016,1.0,1.0,1.0
67350.984375,MLP,8,,False,2600,adam,67502.46875,0.0,151.48056030273438,18.58729362487793,1.0,1.0,1.0
63673.34375,MLP,8,,False,2700,adam,63827.96875,0.0,154.6245574951172,18.747188568115234,1.0,1.0,1.0
60163.234375,MLP,8,,False,2800,adam,60321.2265625,0.0,157.99119567871094,18.916824340820312,1.0,1.0,1.0
56821.984375,MLP,8,,False,2900,adam,56983.890625,0.0,161.90682983398438,19.081878662109375,1.0,1.0,1.0
53702.7578125,MLP,8,,False,3000,adam,53868.5234375,0.0,165.76641845703125,19.24599266052246,1.0,1.0,1.0
50437.6015625,MLP,8,,False,3100,adam,50606.87890625,0.0,169.27870178222656,19.412275314331055,1.0,1.0,1.0
46121.32421875,MLP,8,,False,3200,adam,46294.265625,0.0,172.94143676757812,19.580440521240234,1.0,1.0,1.0
42603.84375,MLP,8,,False,3300,adam,42779.3203125,0.0,175.47640991210938,19.747373580932617,1.0,1.0,1.0
38532.484375,MLP,8,,False,3400,adam,38714.7421875,0.0,182.25733947753906,20.176279067993164,1.0,1.0,1.0
34568.7109375,MLP,8,,False,3500,adam,34758.2578125,0.0,189.54681396484375,20.59246253967285,1.0,1.0,1.0
30959.435546875,MLP,8,,False,3600,adam,31152.833984375,0.0,193.39805603027344,20.76947784423828,1.0,1.0,1.0
27433.689453125,MLP,8,,False,3700,adam,27629.236328125,0.0,195.54637145996094,20.83230209350586,1.0,1.0,1.0
24520.263671875,MLP,8,,False,3800,adam,24716.19140625,0.0,195.92845153808594,20.758615493774414,1.0,1.0,1.0
21712.962890625,MLP,8,,False,3900,adam,21909.896484375,0.0,196.93373107910156,20.733102798461914,1.0,1.0,1.0
18838.525390625,MLP,8,,False,4000,adam,19038.19921875,0.0,199.67286682128906,20.824848175048828,1.0,1.0,1.0
16241.7939453125,MLP,8,,False,4100,adam,16444.85546875,0.0,203.06179809570312,20.994739532470703,1.0,1.0,1.0
14460.35546875,MLP,8,,False,4200,adam,14665.119140625,0.0,204.7640838623047,21.063411712646484,1.0,1.0,1.0
13024.5869140625,MLP,8,,False,4300,adam,13230.1533203125,0.0,205.56610107421875,21.079862594604492,1.0,1.0,1.0
11882.2666015625,MLP,8,,False,4400,adam,12088.2255859375,0.0,205.9591522216797,21.065616607666016,1.0,1.0,1.0
10932.1123046875,MLP,8,,False,4500,adam,11138.11328125,0.0,206.00091552734375,21.03555679321289,1.0,1.0,1.0
10026.8837890625,MLP,8,,False,4600,adam,10231.9755859375,0.0,205.09205627441406,20.959041595458984,1.0,1.0,1.0
9346.646484375,MLP,8,,False,4700,adam,9550.5556640625,0.0,203.90963745117188,20.87457275390625,1.0,1.0,1.0
8738.0322265625,MLP,8,,False,4800,adam,8940.4375,0.0,202.40560913085938,20.784467697143555,1.0,1.0,1.0
8191.98046875,MLP,8,,False,4900,adam,8392.9833984375,0.0,201.00282287597656,20.696779251098633,1.0,1.0,1.0
7708.49658203125,MLP,8,,False,5000,adam,7908.38330078125,0.0,199.88662719726562,20.628704071044922,1.0,1.0,1.0
7284.4287109375,MLP,8,,False,5100,adam,7483.3759765625,0.0,198.94732666015625,20.567888259887695,1.0,1.0,1.0
398674.28125,MLP,8,,False,10000,lbfgs,398696.15625,0.0,21.88350486755371,11.388934135437012,1.0,1.0,1.0
144589.765625,MLP,8,,False,10010,lbfgs,144708.578125,0.0,118.81307220458984,19.34139633178711,1.0,1.0,1.0
78811.359375,MLP,8,,False,10020,lbfgs,78935.375,0.0,124.01600646972656,19.630977630615234,1.0,1.0,1.0
38766.37890625,MLP,8,,False,10030,lbfgs,38870.375,0.0,103.9974136352539,15.989400863647461,1.0,1.0,1.0
6515.11279296875,MLP,8,,False,10040,lbfgs,6633.81884765625,0.0,118.70592498779297,15.335695266723633,1.0,1.0,1.0
868.8681640625,MLP,8,,False,10050,lbfgs,971.5877685546875,0.0,102.7195816040039,13.942645072937012,1.0,1.0,1.0
307.0575866699219,MLP,8,,False,10060,lbfgs,375.5990905761719,0.0,68.54150390625,10.973315238952637,1.0,1.0,1.0
141.92539978027344,MLP,8,,False,10070,lbfgs,180.28945922851562,0.0,38.36406707763672,7.135795593261719,1.0,1.0,1.0
87.71839904785156,MLP,8,,False,10080,lbfgs,111.67427062988281,0.0,23.955873489379883,5.462801456451416,1.0,1.0,1.0
61.31867980957031,MLP,8,,False,10090,lbfgs,75.74686431884766,0.0,14.428182601928711,4.4184088706970215,1.0,1.0,1.0
44.75952911376953,MLP,8,,False,10100,lbfgs,53.85627365112305,0.0,9.096744537353516,3.0989058017730713,1.0,1.0,1.0
33.89020919799805,MLP,8,,False,10110,lbfgs,40.07215881347656,0.0,6.181948184967041,2.3161890506744385,1.0,1.0,1.0
25.999353408813477,MLP,8,,False,10120,lbfgs,30.465883255004883,0.0,4.466529369354248,1.904964566230774,1.0,1.0,1.0
21.044063568115234,MLP,8,,False,10130,lbfgs,24.35591697692871,0.0,3.3118526935577393,1.5866552591323853,1.0,1.0,1.0
17.51736831665039,MLP,8,,False,10140,lbfgs,20.06386947631836,0.0,2.546502113342285,1.3820459842681885,1.0,1.0,1.0
14.951372146606445,MLP,8,,False,10150,lbfgs,16.883554458618164,0.0,1.9321821928024292,1.1904302835464478,1.0,1.0,1.0
12.688704490661621,MLP,8,,False,10160,lbfgs,14.235325813293457,0.0,1.5466210842132568,1.014817237854004,1.0,1.0,1.0
10.964189529418945,MLP,8,,False,10170,lbfgs,12.193853378295898,0.0,1.229663610458374,0.8737975358963013,1.0,1.0,1.0
9.626544952392578,MLP,8,,False,10180,lbfgs,10.58799934387207,0.0,0.9614546895027161,0.7798150777816772,1.0,1.0,1.0
8.528082847595215,MLP,8,,False,10190,lbfgs,9.248116493225098,0.0,0.7200338244438171,0.6354440450668335,1.0,1.0,1.0
400998.375,MLP,8,,True,100,adam,401012.6875,0.0,6.300765037536621,3.4107701778411865,1.0,1.0,2.269813566770145
386462.59375,MLP,8,,True,200,adam,386569.125,0.0,8.846848487854004,6.066740989685059,1.0,1.0,12.04283221009313
312370.5,MLP,8,,True,300,adam,312524.34375,0.0,7.382505893707275,4.513596057891846,1.0,1.0,20.838548989083815
293341.53125,MLP,8,,True,400,adam,293485.28125,0.0,4.998915195465088,3.5274951457977295,1.0,1.0,28.754694090175434
278060.1875,MLP,8,,True,500,adam,278162.3125,0.0,2.8466880321502686,3.0607376098632812,1.0,1.0,35.879224681157886
263120.1875,MLP,8,,True,600,adam,263307.65625,0.0,4.432735443115234,3.7568302154541016,1.0,1.0,42.2913022130421
255842.78125,MLP,8,,True,700,adam,256043.734375,0.0,4.1812238693237305,3.716705322265625,1.0,1.0,48.06217199173789
248801.6875,MLP,8,,True,800,adam,248966.15625,0.0,3.088165760040283,3.082414388656616,1.0,1.0,53.255954792564104
242025.34375,MLP,8,,True,900,adam,242212.828125,0.0,3.236483573913574,2.941962957382202,1.0,1.0,57.9303593133077
234571.765625,MLP,8,,True,1000,adam,234740.921875,0.0,2.7222139835357666,2.572870969772339,1.0,1.0,62.13732338197693
226152.9375,MLP,8,,True,1100,adam,226315.796875,0.0,2.4703457355499268,3.653169870376587,1.0,1.0,65.92359104377923
223101.5,MLP,8,,True,1200,adam,223319.328125,0.0,3.1417696475982666,5.290719985961914,1.0,1.0,69.3312319394013
220209.328125,MLP,8,,True,1300,adam,220484.328125,0.0,3.798339605331421,6.479742050170898,1.0,1.0,72.39810874546117
216191.140625,MLP,8,,True,1400,adam,216439.453125,0.0,3.3037569522857666,6.657681465148926,1.0,1.0,75.15829787091506
206789.671875,MLP,8,,True,1500,adam,207011.109375,0.0,2.852001905441284,6.317760467529297,1.0,1.0,77.64246808382356
196427.0,MLP,8,,True,1600,adam,196640.328125,0.0,2.670623302459717,6.0630598068237305,1.0,1.0,79.8782212754412
187926.796875,MLP,8,,True,1700,adam,188138.03125,0.0,2.5794243812561035,5.735754013061523,1.0,1.0,81.89039914789709
176353.71875,MLP,8,,True,1800,adam,176599.34375,0.0,2.934523582458496,5.972391605377197,1.0,1.0,83.70135923310738
165920.953125,MLP,8,,True,1900,adam,166226.59375,0.0,3.58174729347229,6.0199360847473145,1.0,1.0,85.33122330979664
155000.875,MLP,8,,True,2000,adam,155318.046875,0.0,3.6540775299072266,6.077817916870117,1.0,1.0,86.79810097881698
142857.359375,MLP,8,,True,2100,adam,143170.078125,0.0,3.5489249229431152,6.372105598449707,1.0,1.0,88.11829088093528
129935.09375,MLP,8,,True,2200,adam,130278.09375,0.0,3.8407421112060547,6.620289325714111,1.0,1.0,89.30646179284174
121138.8046875,MLP,8,,True,2300,adam,121497.65625,0.0,3.9706971645355225,6.5653767585754395,1.0,1.0,90.37581561355758
112078.6796875,MLP,8,,True,2400,adam,112489.65625,0.0,4.499483585357666,6.579030513763428,1.0,1.0,91.33823405220183
102847.1796875,MLP,8,,True,2500,adam,103302.9375,0.0,4.942911148071289,6.5256500244140625,1.0,1.0,92.20441064698164
95813.6875,MLP,8,,True,2600,adam,96285.203125,0.0,5.070947647094727,6.340662956237793,1.0,1.0,92.98396958228348
90256.28125,MLP,8,,True,2700,adam,90707.8828125,0.0,4.82036828994751,6.0420241355896,1.0,1.0,93.68557262405513
84465.4609375,MLP,8,,True,2800,adam,84875.1171875,0.0,4.343357563018799,5.629623889923096,1.0,1.0,94.31701536164961
79079.515625,MLP,8,,True,2900,adam,79468.78125,0.0,4.10247278213501,5.321414947509766,1.0,1.0,94.88531382548464
73328.578125,MLP,8,,True,3000,adam,73707.8671875,0.0,3.975890636444092,5.174710273742676,1.0,1.0,95.39678244293619
67959.390625,MLP,8,,True,3100,adam,68357.59375,0.0,4.15416955947876,5.138112545013428,1.0,1.0,95.85710419864257
62930.4609375,MLP,8,,True,3200,adam,63351.70703125,0.0,4.375590801239014,5.0716071128845215,1.0,1.0,96.27139377877832
59222.046875,MLP,8,,True,3300,adam,59656.71484375,0.0,4.49761438369751,4.983414173126221,1.0,1.0,96.6442544009005
55636.2109375,MLP,8,,True,3400,adam,56087.1015625,0.0,4.649317741394043,4.925602912902832,1.0,1.0,96.97982896081045
51862.1640625,MLP,8,,True,3500,adam,52320.21875,0.0,4.70851993560791,4.854374885559082,1.0,1.0,97.28184606472941
48861.51953125,MLP,8,,True,3600,adam,49312.5390625,0.0,4.623290538787842,4.728292942047119,1.0,1.0,97.55366145825647
46277.5390625,MLP,8,,True,3700,adam,46714.58984375,0.0,4.4688849449157715,4.571813106536865,1.0,1.0,97.79829531243082
43255.94140625,MLP,8,,True,3800,adam,43652.3203125,0.0,4.043939113616943,4.306122303009033,1.0,1.0,98.01846578118774
39977.49609375,MLP,8,,True,3900,adam,40342.10546875,0.0,3.712301254272461,4.1307854652404785,1.0,1.0,98.21661920306897
36800.28515625,MLP,8,,True,4000,adam,37148.91796875,0.0,3.5431807041168213,3.9958949089050293,1.0,1.0,98.39495728276208
33846.71484375,MLP,8,,True,4100,adam,34192.703125,0.0,3.5105817317962646,3.9262354373931885,1.0,1.0,98.55546155448587
30650.0390625,MLP,8,,True,4200,adam,30994.46875,0.0,3.4896671772003174,3.8653218746185303,1.0,1.0,98.6999153990373
27866.705078125,MLP,8,,True,4300,adam,28196.82421875,0.0,3.3402819633483887,3.7657461166381836,1.0,1.0,98.82992385913357
25385.041015625,MLP,8,,True,4400,adam,25691.6484375,0.0,3.098706007003784,3.6337616443634033,1.0,1.0,98.94693147322022
23060.408203125,MLP,8,,True,4500,adam,23353.109375,0.0,2.9550180435180664,3.5212745666503906,1.0,1.0,99.0522383258982
20741.853515625,MLP,8,,True,4600,adam,21027.548828125,0.0,2.881524085998535,3.4210140705108643,1.0,1.0,99.14701449330839
18563.982421875,MLP,8,,True,4700,adam,18841.0,0.0,2.791604518890381,3.259335517883301,1.0,1.0,99.23231304397756
16622.607421875,MLP,8,,True,4800,adam,16886.806640625,0.0,2.660377264022827,3.102670669555664,1.0,1.0,99.3090817395798
14393.58984375,MLP,8,,True,4900,adam,14649.3330078125,0.0,2.5734312534332275,2.972055196762085,1.0,1.0,99.37817356562182
12441.3603515625,MLP,8,,True,5000,adam,12688.6201171875,0.0,2.486511707305908,2.886812210083008,1.0,1.0,99.44035620905964
10910.10546875,MLP,8,,True,5100,adam,11149.73828125,0.0,2.408461570739746,2.807746171951294,1.0,1.0,99.49632058815368
9343.62890625,MLP,8,,True,5200,adam,9575.181640625,0.0,2.3260762691497803,2.722036838531494,1.0,1.0,99.54668852933831
8090.97509765625,MLP,8,,True,5300,adam,8314.7939453125,0.0,2.247358560562134,2.6464405059814453,1.0,1.0,99.59201967640448
7283.3994140625,MLP,8,,True,5400,adam,7499.72802734375,0.0,2.171260356903076,2.5842301845550537,1.0,1.0,99.63281770876404
6596.90869140625,MLP,8,,True,5500,adam,6803.90380859375,0.0,2.0768134593963623,2.515584707260132,1.0,1.0,99.66953593788763
6010.3408203125,MLP,8,,True,5600,adam,6207.22900390625,0.0,1.9747543334960938,2.44686222076416,1.0,1.0,99.70258234409887
5503.28173828125,MLP,8,,True,5700,adam,5689.85546875,0.0,1.8707462549209595,2.383038282394409,1.0,1.0,99.73232410968899
4992.6630859375,MLP,8,,True,5800,adam,5166.607421875,0.0,1.7436434030532837,2.318493127822876,1.0,1.0,99.7590916987201
4402.88134765625,MLP,8,,True,5900,adam,4561.19873046875,0.0,1.5866153240203857,2.2613985538482666,1.0,1.0,99.78318252884809
3876.013427734375,MLP,8,,True,6000,adam,4020.268310546875,0.0,1.4453682899475098,2.191120147705078,1.0,1.0,99.80486427596328
3578.66162109375,MLP,8,,True,6100,adam,3714.01953125,0.0,1.355959177017212,2.1214590072631836,1.0,1.0,99.82437784836695
3333.4521484375,MLP,8,,True,6200,adam,3461.638427734375,0.0,1.2838917970657349,2.053863763809204,1.0,1.0,99.84194006353026
3135.474365234375,MLP,8,,True,6300,adam,3257.171630859375,0.0,1.2187061309814453,1.9911324977874756,1.0,1.0,99.85774605717724
2996.52880859375,MLP,8,,True,6400,adam,3113.41455078125,0.0,1.1703550815582275,1.9446290731430054,1.0,1.0,99.87197145145952
2869.17138671875,MLP,8,,True,6500,adam,2981.535400390625,0.0,1.1249356269836426,1.9019742012023926,1.0,1.0,99.88477430631356
2751.199951171875,MLP,8,,True,6600,adam,2859.26123046875,0.0,1.081734299659729,1.862637996673584,1.0,1.0,99.89629687568221
2634.789794921875,MLP,8,,True,6700,adam,2738.473388671875,0.0,1.037804126739502,1.8240859508514404,1.0,1.0,99.90666718811399
2532.212158203125,MLP,8,,True,6800,adam,2631.948486328125,0.0,0.9982010722160339,1.7902350425720215,1.0,1.0,99.91600046930259
2428.354736328125,MLP,8,,True,6900,adam,2523.968017578125,0.0,0.9568555355072021,1.755926251411438,1.0,1.0,99.92440042237233
2334.520263671875,MLP,8,,True,7000,adam,2426.31201171875,0.0,0.9185413122177124,1.7241586446762085,1.0,1.0,99.9319603801351
2249.717529296875,MLP,8,,True,7100,adam,2337.93017578125,0.0,0.8826675415039062,1.6948037147521973,1.0,1.0,99.93876434212159
2174.369384765625,MLP,8,,True,7200,adam,2259.337646484375,0.0,0.8501501679420471,1.6680828332901,1.0,1.0,99.94488790790943
2104.701171875,MLP,8,,True,7300,adam,2186.634521484375,0.0,0.819739043712616,1.6425880193710327,1.0,1.0,99.9503991171185
2037.983642578125,MLP,8,,True,7400,adam,2117.045654296875,0.0,0.790973424911499,1.6178257465362549,1.0,1.0,99.95535920540665
1986.0821533203125,MLP,8,,True,7500,adam,2062.9404296875,0.0,0.7688913941383362,1.5982651710510254,1.0,1.0,99.95982328486599
1934.6483154296875,MLP,8,,True,7600,adam,2009.318359375,0.0,0.7469701170921326,1.5782729387283325,1.0,1.0,99.9638409563794
1887.5826416015625,MLP,8,,True,7700,adam,1960.273193359375,0.0,0.7271415591239929,1.5596901178359985,1.0,1.0,99.96745686074146
1842.7701416015625,MLP,8,,True,7800,adam,1913.5965576171875,0.0,0.708471953868866,1.5415235757827759,1.0,1.0,99.97071117466731
1799.0150146484375,MLP,8,,True,7900,adam,1868.037841796875,0.0,0.6904106736183167,1.5231668949127197,1.0,1.0,99.97364005720058
1756.0501708984375,MLP,8,,True,8000,adam,1823.326416015625,0.0,0.6729220151901245,1.5045236349105835,1.0,1.0,99.97627605148053
1715.2210693359375,MLP,8,,True,8100,adam,1780.86328125,0.0,0.6565620303153992,1.4860591888427734,1.0,1.0,99.97864844633247
1676.3983154296875,MLP,8,,True,8200,adam,1740.5174560546875,0.0,0.6413145065307617,1.467817783355713,1.0,1.0,99.98078360169923
1639.4150390625,MLP,8,,True,8300,adam,1702.1173095703125,0.0,0.6271311044692993,1.4498387575149536,1.0,1.0,99.9827052415293
1604.0830078125,MLP,8,,True,8400,adam,1665.4693603515625,0.0,0.6139593720436096,1.4321290254592896,1.0,1.0,99.98443471737637
1570.1669921875,MLP,8,,True,8500,adam,1630.326904296875,0.0,0.6016833782196045,1.414654016494751,1.0,1.0,99.98599124563874
1542.841552734375,MLP,8,,True,8600,adam,1602.062744140625,0.0,0.5922864675521851,1.4002289772033691,1.0,1.0,99.98739212107488
1519.2000732421875,MLP,8,,True,8700,adam,1577.64794921875,0.0,0.5845445990562439,1.3876843452453613,1.0,1.0,99.9886529089674
1497.3720703125,MLP,8,,True,8800,adam,1555.134521484375,0.0,0.5776838064193726,1.3759279251098633,1.0,1.0,99.98978761807066
1475.3858642578125,MLP,8,,True,8900,adam,1532.4864501953125,0.0,0.5710579752922058,1.3640815019607544,1.0,1.0,99.9908088562636
1453.3326416015625,MLP,8,,True,9000,adam,1509.794921875,0.0,0.5646696090698242,1.3521426916122437,1.0,1.0,99.99172797063724
1431.4254150390625,MLP,8,,True,9100,adam,1487.2774658203125,0.0,0.5585622787475586,1.3402036428451538,1.0,1.0,99.99255517357352
1409.0911865234375,MLP,8,,True,9200,adam,1464.3438720703125,0.0,0.5525637269020081,1.3279372453689575,1.0,1.0,99.99329965621617
1387.1190185546875,MLP,8,,True,9300,adam,1441.802978515625,0.0,0.5468721389770508,1.3157453536987305,1.0,1.0,99.99396969059455
1363.4034423828125,MLP,8,,True,9400,adam,1417.4808349609375,0.0,0.5408035516738892,1.301724910736084,1.0,1.0,99.9945727215351
1334.5784912109375,MLP,8,,True,9500,adam,1387.93408203125,0.0,0.5335817933082581,1.2842860221862793,1.0,1.0,99.9951154493816
1315.1817626953125,MLP,8,,True,9600,adam,1368.0692138671875,0.0,0.5288975238800049,1.2716772556304932,1.0,1.0,99.99560390444344
1293.5111083984375,MLP,8,,True,9700,adam,1345.911865234375,0.0,0.5240288376808167,1.257651686668396,1.0,1.0,99.9960435139991
1271.1536865234375,MLP,8,,True,9800,adam,1323.07373046875,0.0,0.519218921661377,1.2429388761520386,1.0,1.0,99.99643916259919
1256.424072265625,MLP,8,,True,9900,adam,1308.0391845703125,0.0,0.5161679983139038,1.2330992221832275,1.0,1.0,99.99679524633927
1244.2320556640625,MLP,8,,True,10000,adam,1295.596923828125,0.0,0.5136632323265076,1.2246427536010742,1.0,1.0,99.99711572170536
1000.77783203125,MLP,8,,True,10000,lbfgs,1054.5703125,0.0,0.5379403829574585,0.8785130381584167,1.0,1.0,99.99711572170536
310.5271911621094,MLP,8,,True,10010,lbfgs,350.6613464355469,0.0,0.40135300159454346,0.48755672574043274,1.0,1.0,99.99711572170536
139.4242401123047,MLP,8,,True,10020,lbfgs,157.27528381347656,0.0,0.17851561307907104,0.2844866216182709,1.0,1.0,99.99711572170536
69.24642181396484,MLP,8,,True,10030,lbfgs,80.19058227539062,0.0,0.1094447448849678,0.2113318294286728,1.0,1.0,99.99711572170536
43.30987548828125,MLP,8,,True,10040,lbfgs,50.18922424316406,0.0,0.06879545748233795,0.1584230214357376,1.0,1.0,99.99711572170536
28.18343162536621,MLP,8,,True,10050,lbfgs,32.89210891723633,0.0,0.04708811640739441,0.11931536346673965,1.0,1.0,99.99711572170536
20.096349716186523,MLP,8,,True,10060,lbfgs,23.49254608154297,0.0,0.03396293893456459,0.0950559452176094,1.0,1.0,99.99711572170536
14.903434753417969,MLP,8,,True,10070,lbfgs,17.716259002685547,0.0,0.028129061684012413,0.08108250051736832,1.0,1.0,99.99711572170536
11.242921829223633,MLP,8,,True,10080,lbfgs,13.613152503967285,0.0,0.023702988401055336,0.07464314252138138,1.0,1.0,99.99711572170536
9.072388648986816,MLP,8,,True,10090,lbfgs,11.146641731262207,0.0,0.020743131637573242,0.07112224400043488,1.0,1.0,99.99711572170536
7.40032958984375,MLP,8,,True,10100,lbfgs,9.292187690734863,0.0,0.01891912706196308,0.06854579597711563,1.0,1.0,99.99711572170536
6.271973133087158,MLP,8,,True,10110,lbfgs,7.909311294555664,0.0,0.016373852267861366,0.0630277544260025,1.0,1.0,99.99711572170536
5.430300712585449,MLP,8,,True,10120,lbfgs,6.851493835449219,0.0,0.014212341047823429,0.05737532675266266,1.0,1.0,99.99711572170536
4.701336860656738,MLP,8,,True,10130,lbfgs,5.941184997558594,0.0,0.012398841790854931,0.05223720520734787,1.0,1.0,99.99711572170536
4.0520734786987305,MLP,8,,True,10140,lbfgs,5.174403190612793,0.0,0.011223621666431427,0.050384171307086945,1.0,1.0,99.99711572170536
3.5578346252441406,MLP,8,,True,10150,lbfgs,4.568756103515625,0.0,0.010109505616128445,0.04720373451709747,1.0,1.0,99.99711572170536
3.1738271713256836,MLP,8,,True,10160,lbfgs,4.065531253814697,0.0,0.008917298167943954,0.04813731461763382,1.0,1.0,99.99711572170536
2.8491289615631104,MLP,8,,True,10170,lbfgs,3.652218818664551,0.0,0.008031128905713558,0.04226961359381676,1.0,1.0,99.99711572170536
2.5489673614501953,MLP,8,,True,10180,lbfgs,3.273960590362549,0.0,0.0072501408867537975,0.04170636460185051,1.0,1.0,99.99711572170536
2.2794904708862305,MLP,8,,True,10190,lbfgs,2.949230909347534,0.0,0.006697596982121468,0.038468074053525925,1.0,1.0,99.99711572170536
400970.53125,KINN,8,10.0,False,100,adam,400970.5625,0.0,0.018525322899222374,1.03061044216156,1.0,1.0,1.0
395593.1875,KINN,8,10.0,False,200,adam,395593.25,0.0,0.07316842675209045,1.095037817955017,1.0,1.0,1.0
344475.3125,KINN,8,10.0,False,300,adam,344475.5,0.0,0.17876215279102325,1.253029704093933,1.0,1.0,1.0
271059.25,KINN,8,10.0,False,400,adam,271059.53125,0.0,0.2929236590862274,1.2462291717529297,1.0,1.0,1.0
197986.296875,KINN,8,10.0,False,500,adam,197986.53125,0.0,0.23980247974395752,1.076982855796814,1.0,1.0,1.0
153158.984375,KINN,8,10.0,False,600,adam,153159.296875,0.0,0.30580583214759827,0.9709191918373108,1.0,1.0,1.0
128270.375,KINN,8,10.0,False,700,adam,128270.75,0.0,0.3743687868118286,0.9533470273017883,1.0,1.0,1.0
115694.171875,KINN,8,10.0,False,800,adam,115694.71875,0.0,0.5483006238937378,0.9976666569709778,1.0,1.0,1.0
109228.0,KINN,8,10.0,False,900,adam,109228.7265625,0.0,0.7235149145126343,0.9830204844474792,1.0,1.0,1.0
101532.609375,KINN,8,10.0,False,1000,adam,101533.1640625,0.0,0.5579490661621094,0.9528914093971252,1.0,1.0,1.0
92764.2578125,KINN,8,10.0,False,1100,adam,92764.765625,0.0,0.5115979909896851,0.9666848182678223,1.0,1.0,1.0
79732.296875,KINN,8,10.0,False,1200,adam,79732.796875,0.0,0.5013424754142761,1.0654315948486328,1.0,1.0,1.0
70884.53125,KINN,8,10.0,False,1300,adam,70885.5703125,0.0,1.0405064821243286,1.1777459383010864,1.0,1.0,1.0
66032.703125,KINN,8,10.0,False,1400,adam,66033.921875,0.0,1.21982741355896,1.2181603908538818,1.0,1.0,1.0
62968.01171875,KINN,8,10.0,False,1500,adam,62969.05859375,0.0,1.0485259294509888,1.1505945920944214,1.0,1.0,1.0
61018.33203125,KINN,8,10.0,False,1600,adam,61019.24609375,0.0,0.9151315093040466,1.0936064720153809,1.0,1.0,1.0
59472.609375,KINN,8,10.0,False,1700,adam,59473.3515625,0.0,0.7420303225517273,1.0046427249908447,1.0,1.0,1.0
57133.734375,KINN,8,10.0,False,1800,adam,57134.453125,0.0,0.7194147109985352,0.9621793031692505,1.0,1.0,1.0
53334.046875,KINN,8,10.0,False,1900,adam,53334.82421875,0.0,0.7756503820419312,0.9372947812080383,1.0,1.0,1.0
49043.37890625,KINN,8,10.0,False,2000,adam,49044.0546875,0.0,0.6766649484634399,0.8086646795272827,1.0,1.0,1.0
44023.0703125,KINN,8,10.0,False,2100,adam,44023.66015625,0.0,0.5909258127212524,0.793875515460968,1.0,1.0,1.0
39540.50390625,KINN,8,10.0,False,2200,adam,39541.0546875,0.0,0.5499907732009888,0.7138689160346985,1.0,1.0,1.0
36467.375,KINN,8,10.0,False,2300,adam,36467.91796875,0.0,0.5428475737571716,0.6789907217025757,1.0,1.0,1.0
34502.21484375,KINN,8,10.0,False,2400,adam,34502.75,0.0,0.5357663631439209,0.731055736541748,1.0,1.0,1.0
32691.77734375,KINN,8,10.0,False,2500,adam,32692.29296875,0.0,0.5151285529136658,0.7672032117843628,1.0,1.0,1.0
31000.603515625,KINN,8,10.0,False,2600,adam,31001.078125,0.0,0.4744476079940796,0.7769765853881836,1.0,1.0,1.0
29670.443359375,KINN,8,10.0,False,2700,adam,29670.87890625,0.0,0.43459731340408325,0.8160316944122314,1.0,1.0,1.0
28577.83203125,KINN,8,10.0,False,2800,adam,28578.212890625,0.0,0.38069483637809753,0.849604070186615,1.0,1.0,1.0
27447.880859375,KINN,8,10.0,False,2900,adam,27448.21875,0.0,0.3374195098876953,0.8942819833755493,1.0,1.0,1.0
26510.9375,KINN,8,10.0,False,3000,adam,26511.298828125,0.0,0.3605479896068573,0.9924211502075195,1.0,1.0,1.0
25841.509765625,KINN,8,10.0,False,3100,adam,25841.896484375,0.0,0.38609424233436584,1.0849604606628418,1.0,1.0,1.0
25341.06640625,KINN,8,10.0,False,3200,adam,25341.484375,0.0,0.4179922640323639,1.1791882514953613,1.0,1.0,1.0
24920.548828125,KINN,8,10.0,False,3300,adam,24921.00390625,0.0,0.4548285901546478,1.2738919258117676,1.0,1.0,1.0
24546.9296875,KINN,8,10.0,False,3400,adam,24547.443359375,0.0,0.5140217542648315,1.3893651962280273,1.0,1.0,1.0
24206.78515625,KINN,8,10.0,False,3500,adam,24207.37890625,0.0,0.5939092636108398,1.5294852256774902,1.0,1.0,1.0
23887.216796875,KINN,8,10.0,False,3600,adam,23887.912109375,0.0,0.6950923800468445,1.6843675374984741,1.0,1.0,1.0
23584.892578125,KINN,8,10.0,False,3700,adam,23585.71484375,0.0,0.8220996260643005,1.8499144315719604,1.0,1.0,1.0
23300.404296875,KINN,8,10.0,False,3800,adam,23301.359375,0.0,0.954587459564209,2.0110037326812744,1.0,1.0,1.0
23030.451171875,KINN,8,10.0,False,3900,adam,23031.54296875,0.0,1.0915205478668213,2.165476083755493,1.0,1.0,1.0
22780.103515625,KINN,8,10.0,False,4000,adam,22781.365234375,0.0,1.261228084564209,2.338655710220337,1.0,1.0,1.0
22544.1640625,KINN,8,10.0,False,4100,adam,22545.595703125,0.0,1.4323011636734009,2.5006442070007324,1.0,1.0,1.0
22317.21484375,KINN,8,10.0,False,4200,adam,22318.828125,0.0,1.6136211156845093,2.658252716064453,1.0,1.0,1.0
22109.025390625,KINN,8,10.0,False,4300,adam,22110.767578125,0.0,1.7415324449539185,2.769028902053833,1.0,1.0,1.0
21921.25390625,KINN,8,10.0,False,4400,adam,21923.123046875,0.0,1.8696162700653076,2.8696980476379395,1.0,1.0,1.0
21753.361328125,KINN,8,10.0,False,4500,adam,21755.337890625,0.0,1.975757122039795,2.9494030475616455,1.0,1.0,1.0
21599.908203125,KINN,8,10.0,False,4600,adam,21601.982421875,0.0,2.0741443634033203,3.021824836730957,1.0,1.0,1.0
21457.080078125,KINN,8,10.0,False,4700,adam,21459.23828125,0.0,2.1575207710266113,3.0823616981506348,1.0,1.0,1.0
21323.033203125,KINN,8,10.0,False,4800,adam,21325.2734375,0.0,2.2404682636260986,3.141207695007324,1.0,1.0,1.0
21199.380859375,KINN,8,10.0,False,4900,adam,21201.703125,0.0,2.3218231201171875,3.195857524871826,1.0,1.0,1.0
21085.7265625,KINN,8,10.0,False,5000,adam,21088.09765625,0.0,2.371633529663086,3.2319231033325195,1.0,1.0,1.0
20981.30078125,KINN,8,10.0,False,5100,adam,20983.728515625,0.0,2.4284110069274902,3.269564628601074,1.0,1.0,1.0
20876.107421875,KINN,8,10.0,False,5200,adam,20878.57421875,0.0,2.467467784881592,3.294149160385132,1.0,1.0,1.0
20769.7734375,KINN,8,10.0,False,5300,adam,20772.251953125,0.0,2.4787168502807617,3.300708055496216,1.0,1.0,1.0
20677.3515625,KINN,8,10.0,False,5400,adam,20679.822265625,0.0,2.470722198486328,3.2969791889190674,1.0,1.0,1.0
20590.37890625,KINN,8,10.0,False,5500,adam,20592.859375,0.0,2.480018377304077,3.3046364784240723,1.0,1.0,1.0
20511.275390625,KINN,8,10.0,False,5600,adam,20513.765625,0.0,2.491039276123047,3.309577703475952,1.0,1.0,1.0
20438.853515625,KINN,8,10.0,False,5700,adam,20441.349609375,0.0,2.4961113929748535,3.315335512161255,1.0,1.0,1.0
20372.234375,KINN,8,10.0,False,5800,adam,20374.728515625,0.0,2.4938251972198486,3.315075397491455,1.0,1.0,1.0
20311.283203125,KINN,8,10.0,False,5900,adam,20313.78125,0.0,2.4988057613372803,3.3196046352386475,1.0,1.0,1.0
20254.0625,KINN,8,10.0,False,6000,adam,20256.560546875,0.0,2.498939275741577,3.3188233375549316,1.0,1.0,1.0
20200.509765625,KINN,8,10.0,False,6100,adam,20203.01171875,0.0,2.5023229122161865,3.3193485736846924,1.0,1.0,1.0
20148.193359375,KINN,8,10.0,False,6200,adam,20150.69921875,0.0,2.505009889602661,3.3197317123413086,1.0,1.0,1.0
20097.943359375,KINN,8,10.0,False,6300,adam,20100.44140625,0.0,2.498587131500244,3.3163740634918213,1.0,1.0,1.0
20049.8359375,KINN,8,10.0,False,6400,adam,20052.330078125,0.0,2.4933035373687744,3.312103748321533,1.0,1.0,1.0
20005.478515625,KINN,8,10.0,False,6500,adam,20007.96875,0.0,2.4911386966705322,3.312506675720215,1.0,1.0,1.0
19963.10546875,KINN,8,10.0,False,6600,adam,19965.59765625,0.0,2.492410182952881,3.3135669231414795,1.0,1.0,1.0
19921.4375,KINN,8,10.0,False,6700,adam,19923.921875,0.0,2.4842729568481445,3.3097386360168457,1.0,1.0,1.0
19882.45703125,KINN,8,10.0,False,6800,adam,19884.939453125,0.0,2.4817581176757812,3.309880495071411,1.0,1.0,1.0
19846.328125,KINN,8,10.0,False,6900,adam,19848.80859375,0.0,2.480886936187744,3.3081743717193604,1.0,1.0,1.0
19812.041015625,KINN,8,10.0,False,7000,adam,19814.525390625,0.0,2.4839048385620117,3.307767868041992,1.0,1.0,1.0
19777.716796875,KINN,8,10.0,False,7100,adam,19780.1953125,0.0,2.4787404537200928,3.3046984672546387,1.0,1.0,1.0
19744.68359375,KINN,8,10.0,False,7200,adam,19747.16015625,0.0,2.477280378341675,3.3035192489624023,1.0,1.0,1.0
19712.0,KINN,8,10.0,False,7300,adam,19714.478515625,0.0,2.4775924682617188,3.300122022628784,1.0,1.0,1.0
30550.7421875,KINN,8,10.0,False,10000,lbfgs,30551.294921875,0.0,0.5526517629623413,0.9699467420578003,1.0,1.0,1.0
18939.998046875,KINN,8,10.0,False,10010,lbfgs,18941.08203125,0.0,1.0848973989486694,1.7163383960723877,1.0,1.0,1.0
16515.92578125,KINN,8,10.0,False,10020,lbfgs,16516.447265625,0.0,0.5221627950668335,0.8377408385276794,1.0,1.0,1.0
15790.5107421875,KINN,8,10.0,False,10030,lbfgs,15790.9912109375,0.0,0.48038914799690247,0.9266171455383301,1.0,1.0,1.0
15469.4111328125,KINN,8,10.0,False,10040,lbfgs,15469.826171875,0.0,0.4146225154399872,0.9378740787506104,1.0,1.0,1.0
15230.98046875,KINN,8,10.0,False,10050,lbfgs,15231.4619140625,0.0,0.4812709093093872,0.9355504512786865,1.0,1.0,1.0
14986.521484375,KINN,8,10.0,False,10060,lbfgs,14988.349609375,0.0,1.8280260562896729,2.1311004161834717,1.0,1.0,1.0
14860.984375,KINN,8,10.0,False,10070,lbfgs,14861.662109375,0.0,0.6775550842285156,0.8311264514923096,1.0,1.0,1.0
14773.314453125,KINN,8,10.0,False,10080,lbfgs,14775.0009765625,0.0,1.6869701147079468,2.4499008655548096,1.0,1.0,1.0
14619.765625,KINN,8,10.0,False,10090,lbfgs,14620.5546875,0.0,0.7887582182884216,1.0593984127044678,1.0,1.0,1.0
14542.3994140625,KINN,8,10.0,False,10100,lbfgs,14543.310546875,0.0,0.9107401371002197,0.8801891803741455,1.0,1.0,1.0
14465.2666015625,KINN,8,10.0,False,10110,lbfgs,14466.1337890625,0.0,0.8671926259994507,1.1480220556259155,1.0,1.0,1.0
14380.6513671875,KINN,8,10.0,False,10120,lbfgs,14382.25,0.0,1.5982524156570435,2.221987247467041,1.0,1.0,1.0
14274.3662109375,KINN,8,10.0,False,10130,lbfgs,14276.7880859375,0.0,2.421931266784668,2.918588399887085,1.0,1.0,1.0
14200.6513671875,KINN,8,10.0,False,10140,lbfgs,14203.9482421875,0.0,3.2966699600219727,3.5602715015411377,1.0,1.0,1.0
14136.1201171875,KINN,8,10.0,False,10150,lbfgs,14138.4599609375,0.0,2.340130090713501,2.932190418243408,1.0,1.0,1.0
14095.8408203125,KINN,8,10.0,False,10160,lbfgs,14097.439453125,0.0,1.5989036560058594,2.2651703357696533,1.0,1.0,1.0
14070.6123046875,KINN,8,10.0,False,10170,lbfgs,14071.544921875,0.0,0.932645320892334,1.3490500450134277,1.0,1.0,1.0
14054.3173828125,KINN,8,10.0,False,10180,lbfgs,14055.091796875,0.0,0.7742360830307007,0.8695251941680908,1.0,1.0,1.0
14036.755859375,KINN,8,10.0,False,10190,lbfgs,14037.5556640625,0.0,0.799371600151062,0.9478217363357544,1.0,1.0,1.0
299813.71875,KINN,8,30.0,False,100,adam,299813.75,0.0,0.02218157984316349,0.8571853041648865,1.0,1.0,1.0
111304.6015625,KINN,8,30.0,False,200,adam,111304.671875,0.0,0.07301492989063263,0.5343438386917114,1.0,1.0,1.0
41753.6484375,KINN,8,30.0,False,300,adam,41753.82421875,0.0,0.1760668009519577,0.5134406089782715,1.0,1.0,1.0
25657.12109375,KINN,8,30.0,False,400,adam,25657.33984375,0.0,0.21850968897342682,0.7996335029602051,1.0,1.0,1.0
20348.23046875,KINN,8,30.0,False,500,adam,20348.474609375,0.0,0.2437586486339569,1.0405210256576538,1.0,1.0,1.0
18360.5234375,KINN,8,30.0,False,600,adam,18360.79296875,0.0,0.2703306972980499,1.221038818359375,1.0,1.0,1.0
16844.5,KINN,8,30.0,False,700,adam,16844.8046875,0.0,0.3046530783176422,1.3955320119857788,1.0,1.0,1.0
15529.09765625,KINN,8,30.0,False,800,adam,15529.4345703125,0.0,0.33642733097076416,1.5404682159423828,1.0,1.0,1.0
14679.00390625,KINN,8,30.0,False,900,adam,14679.3798828125,0.0,0.37606948614120483,1.6294639110565186,1.0,1.0,1.0
13988.8583984375,KINN,8,30.0,False,1000,adam,13989.3291015625,0.0,0.4709170162677765,1.7739932537078857,1.0,1.0,1.0
13496.578125,KINN,8,30.0,False,1100,adam,13497.1474609375,0.0,0.5696484446525574,1.9050542116165161,1.0,1.0,1.0
13100.7578125,KINN,8,30.0,False,1200,adam,13101.3955078125,0.0,0.6373081207275391,2.00656795501709,1.0,1.0,1.0
12726.861328125,KINN,8,30.0,False,1300,adam,12727.55859375,0.0,0.6975417733192444,2.1043124198913574,1.0,1.0,1.0
12378.380859375,KINN,8,30.0,False,1400,adam,12379.1318359375,0.0,0.750983715057373,2.1726975440979004,1.0,1.0,1.0
12079.169921875,KINN,8,30.0,False,1500,adam,12079.9619140625,0.0,0.7922590970993042,2.240182399749756,1.0,1.0,1.0
11797.7958984375,KINN,8,30.0,False,1600,adam,11798.646484375,0.0,0.8505369424819946,2.319702386856079,1.0,1.0,1.0
11482.80078125,KINN,8,30.0,False,1700,adam,11483.7529296875,0.0,0.9520074725151062,2.4263432025909424,1.0,1.0,1.0
11230.3212890625,KINN,8,30.0,False,1800,adam,11231.3818359375,0.0,1.0603516101837158,2.519928455352783,1.0,1.0,1.0
10867.6171875,KINN,8,30.0,False,1900,adam,10868.787109375,0.0,1.169838309288025,2.603506088256836,1.0,1.0,1.0
10646.8251953125,KINN,8,30.0,False,2000,adam,10648.083984375,0.0,1.2586432695388794,2.6763384342193604,1.0,1.0,1.0
10399.1416015625,KINN,8,30.0,False,2100,adam,10400.4912109375,0.0,1.3492470979690552,2.74800968170166,1.0,1.0,1.0
10158.310546875,KINN,8,30.0,False,2200,adam,10159.7412109375,0.0,1.4306559562683105,2.8181982040405273,1.0,1.0,1.0
10002.8193359375,KINN,8,30.0,False,2300,adam,10004.302734375,0.0,1.4832297563552856,2.8667194843292236,1.0,1.0,1.0
9854.802734375,KINN,8,30.0,False,2400,adam,9856.33984375,0.0,1.536663293838501,2.9139022827148438,1.0,1.0,1.0
9685.4052734375,KINN,8,30.0,False,2500,adam,9687.0126953125,0.0,1.6076289415359497,2.9715957641601562,1.0,1.0,1.0
9502.6943359375,KINN,8,30.0,False,2600,adam,9504.38671875,0.0,1.6919746398925781,3.013636827468872,1.0,1.0,1.0
9341.599609375,KINN,8,30.0,False,2700,adam,9343.3642578125,0.0,1.7648626565933228,3.040576934814453,1.0,1.0,1.0
9163.4765625,KINN,8,30.0,False,2800,adam,9165.33203125,0.0,1.8558040857315063,3.068788528442383,1.0,1.0,1.0
8870.01171875,KINN,8,30.0,False,2900,adam,8871.9697265625,0.0,1.9575793743133545,3.1012115478515625,1.0,1.0,1.0
8450.302734375,KINN,8,30.0,False,3000,adam,8452.423828125,0.0,2.1212050914764404,3.152092218399048,1.0,1.0,1.0
8094.361328125,KINN,8,30.0,False,3100,adam,8096.6923828125,0.0,2.3310563564300537,3.21557879447937,1.0,1.0,1.0
7888.919921875,KINN,8,30.0,False,3200,adam,7891.4345703125,0.0,2.514608144760132,3.2576940059661865,1.0,1.0,1.0
7715.97021484375,KINN,8,30.0,False,3300,adam,7718.60009765625,0.0,2.6296885013580322,3.283362865447998,1.0,1.0,1.0
7597.97216796875,KINN,8,30.0,False,3400,adam,7600.640625,0.0,2.6685314178466797,3.2974853515625,1.0,1.0,1.0
7489.94677734375,KINN,8,30.0,False,3500,adam,7492.61865234375,0.0,2.671720266342163,3.297452688217163,1.0,1.0,1.0
7396.76513671875,KINN,8,30.0,False,3600,adam,7399.4658203125,0.0,2.7008838653564453,3.3087425231933594,1.0,1.0,1.0
7320.775390625,KINN,8,30.0,False,3700,adam,7323.51513671875,0.0,2.73995041847229,3.320796012878418,1.0,1.0,1.0
7247.74365234375,KINN,8,30.0,False,3800,adam,7250.5078125,0.0,2.7639620304107666,3.3327853679656982,1.0,1.0,1.0
7190.78564453125,KINN,8,30.0,False,3900,adam,7193.57080078125,0.0,2.78534197807312,3.338587522506714,1.0,1.0,1.0
7146.0068359375,KINN,8,30.0,False,4000,adam,7148.80859375,0.0,2.801882028579712,3.344242572784424,1.0,1.0,1.0
7103.4521484375,KINN,8,30.0,False,4100,adam,7106.27099609375,0.0,2.8189830780029297,3.349924087524414,1.0,1.0,1.0
7063.12890625,KINN,8,30.0,False,4200,adam,7065.962890625,0.0,2.834091901779175,3.357943058013916,1.0,1.0,1.0
7025.72021484375,KINN,8,30.0,False,4300,adam,7028.57421875,0.0,2.8540968894958496,3.3694865703582764,1.0,1.0,1.0
6992.22265625,KINN,8,30.0,False,4400,adam,6995.091796875,0.0,2.869020938873291,3.378168821334839,1.0,1.0,1.0
6961.5,KINN,8,30.0,False,4500,adam,6964.375,0.0,2.8750061988830566,3.3878910541534424,1.0,1.0,1.0
6929.7138671875,KINN,8,30.0,False,4600,adam,6932.60205078125,0.0,2.8881545066833496,3.4014482498168945,1.0,1.0,1.0
6897.14501953125,KINN,8,30.0,False,4700,adam,6900.009765625,0.0,2.8645994663238525,3.40960955619812,1.0,1.0,1.0
6863.1279296875,KINN,8,30.0,False,4800,adam,6865.9892578125,0.0,2.8613460063934326,3.4197676181793213,1.0,1.0,1.0
6823.1728515625,KINN,8,30.0,False,4900,adam,6826.0234375,0.0,2.850391387939453,3.4244678020477295,1.0,1.0,1.0
6779.955078125,KINN,8,30.0,False,5000,adam,6782.7763671875,0.0,2.82114315032959,3.4277093410491943,1.0,1.0,1.0
6742.71044921875,KINN,8,30.0,False,5100,adam,6745.5146484375,0.0,2.804196357727051,3.4310708045959473,1.0,1.0,1.0
6708.59375,KINN,8,30.0,False,5200,adam,6711.3857421875,0.0,2.792048215866089,3.430325746536255,1.0,1.0,1.0
6665.6806640625,KINN,8,30.0,False,5300,adam,6668.4560546875,0.0,2.775439977645874,3.430185079574585,1.0,1.0,1.0
24209.2265625,KINN,8,30.0,False,10000,lbfgs,24209.943359375,0.0,0.7171259522438049,1.797802209854126,1.0,1.0,1.0
10791.6923828125,KINN,8,30.0,False,10010,lbfgs,10792.8818359375,0.0,1.189226746559143,2.9045510292053223,1.0,1.0,1.0
8513.208984375,KINN,8,30.0,False,10020,lbfgs,8514.8466796875,0.0,1.6379345655441284,3.1690406799316406,1.0,1.0,1.0
7572.89208984375,KINN,8,30.0,False,10030,lbfgs,7574.62890625,0.0,1.7369405031204224,3.290872097015381,1.0,1.0,1.0
6589.3583984375,KINN,8,30.0,False,10040,lbfgs,6591.1201171875,0.0,1.761569619178772,3.503674030303955,1.0,1.0,1.0
6318.658203125,KINN,8,30.0,False,10050,lbfgs,6320.90234375,0.0,2.244277238845825,3.9869518280029297,1.0,1.0,1.0
6173.7080078125,KINN,8,30.0,False,10060,lbfgs,6176.01123046875,0.0,2.3032076358795166,4.110012531280518,1.0,1.0,1.0
6087.3369140625,KINN,8,30.0,False,10070,lbfgs,6089.53662109375,0.0,2.1998331546783447,4.045407772064209,1.0,1.0,1.0
6029.265625,KINN,8,30.0,False,10080,lbfgs,6031.2197265625,0.0,1.9540159702301025,3.863649368286133,1.0,1.0,1.0
5981.28955078125,KINN,8,30.0,False,10090,lbfgs,5983.10400390625,0.0,1.8144761323928833,3.7400875091552734,1.0,1.0,1.0
5934.72607421875,KINN,8,30.0,False,10100,lbfgs,5936.5439453125,0.0,1.817863941192627,3.7421138286590576,1.0,1.0,1.0
5789.61181640625,KINN,8,30.0,False,10110,lbfgs,5791.58544921875,0.0,1.973524570465088,3.869605779647827,1.0,1.0,1.0
5655.2177734375,KINN,8,30.0,False,10120,lbfgs,5657.1767578125,0.0,1.958813190460205,3.8813390731811523,1.0,1.0,1.0
5561.6044921875,KINN,8,30.0,False,10130,lbfgs,5563.62451171875,0.0,2.020259141921997,3.8793632984161377,1.0,1.0,1.0
5449.46875,KINN,8,30.0,False,10140,lbfgs,5451.68603515625,0.0,2.217388391494751,4.048007011413574,1.0,1.0,1.0
5386.6845703125,KINN,8,30.0,False,10150,lbfgs,5388.98779296875,0.0,2.303443431854248,4.083775043487549,1.0,1.0,1.0
5344.05029296875,KINN,8,30.0,False,10160,lbfgs,5346.3134765625,0.0,2.2630016803741455,4.135336399078369,1.0,1.0,1.0
5308.5751953125,KINN,8,30.0,False,10170,lbfgs,5310.8681640625,0.0,2.293194532394409,4.178224086761475,1.0,1.0,1.0
5241.24462890625,KINN,8,30.0,False,10180,lbfgs,5243.71044921875,0.0,2.465602159500122,4.256832122802734,1.0,1.0,1.0
5145.4541015625,KINN,8,30.0,False,10190,lbfgs,5148.001953125,0.0,2.547761917114258,4.4032979011535645,1.0,1.0,1.0
400970.53125,KINN,8,10.0,True,100,adam,400970.71875,0.0,0.018525322899222374,1.0306098461151123,1.0,1.0,10.899999999999999
395592.4375,KINN,8,10.0,True,200,adam,395593.875,0.0,0.07294847816228867,1.09476900100708,1.0,1.0,19.809999999999995
344478.78125,KINN,8,10.0,True,300,adam,344483.75,0.0,0.178572878241539,1.2529487609863281,1.0,1.0,27.828999999999994
271041.96875,KINN,8,10.0,True,400,adam,271052.21875,0.0,0.29224586486816406,1.245297908782959,1.0,1.0,35.046099999999996
197882.828125,KINN,8,10.0,True,500,adam,197892.78125,0.0,0.23967817425727844,1.0763883590698242,1.0,1.0,41.541489999999996
153156.5,KINN,8,10.0,True,600,adam,153170.921875,0.0,0.304443359375,0.97043377161026,1.0,1.0,47.387341
128236.4375,KINN,8,10.0,True,700,adam,128255.96875,0.0,0.370903342962265,0.9508493542671204,1.0,1.0,52.6486069
115700.0390625,KINN,8,10.0,True,800,adam,115731.0703125,0.0,0.5407052636146545,0.9935355186462402,1.0,1.0,57.38374621
109181.578125,KINN,8,10.0,True,900,adam,109224.8359375,0.0,0.7016796469688416,0.9711664319038391,1.0,1.0,61.645371589
101164.828125,KINN,8,10.0,True,1000,adam,101200.09375,0.0,0.5385313630104065,0.9452040791511536,1.0,1.0,65.4808344301
92362.7578125,KINN,8,10.0,True,1100,adam,92396.921875,0.0,0.4955796003341675,0.9614573121070862,1.0,1.0,68.93275098709
79291.6015625,KINN,8,10.0,True,1200,adam,79328.1640625,0.0,0.5075553059577942,1.0646421909332275,1.0,1.0,72.039475888381
70688.6328125,KINN,8,10.0,True,1300,adam,70761.5078125,0.0,0.9737796187400818,1.1456680297851562,1.0,1.0,74.8355282995429
65839.078125,KINN,8,10.0,True,1400,adam,65925.046875,0.0,1.111368179321289,1.178144931793213,1.0,1.0,77.35197546958861
62889.34765625,KINN,8,10.0,True,1500,adam,62964.44921875,0.0,0.9432930946350098,1.1070833206176758,1.0,1.0,79.61677792262975
60966.61328125,KINN,8,10.0,True,1600,adam,61032.96875,0.0,0.8126128911972046,1.048487901687622,1.0,1.0,81.65510013036678
59434.17578125,KINN,8,10.0,True,1700,adam,59489.88671875,0.0,0.6672854423522949,0.9791684150695801,1.0,1.0,83.4895901173301
57068.80859375,KINN,8,10.0,True,1800,adam,57126.6640625,0.0,0.6795440316200256,0.9545782804489136,1.0,1.0,85.1406311055971
53102.9609375,KINN,8,10.0,True,1900,adam,53166.05078125,0.0,0.7282853126525879,0.9090662002563477,1.0,1.0,86.62656799503739
48511.62890625,KINN,8,10.0,True,2000,adam,48567.26953125,0.0,0.6325308680534363,0.7865501046180725,1.0,1.0,87.96391119553365
43520.265625,KINN,8,10.0,True,2100,adam,43570.16015625,0.0,0.5595682859420776,0.7994582653045654,1.0,1.0,89.16752007598029
39143.828125,KINN,8,10.0,True,2200,adam,39190.296875,0.0,0.5148747563362122,0.7001124620437622,1.0,1.0,90.25076806838227
36181.7421875,KINN,8,10.0,True,2300,adam,36228.83984375,0.0,0.5162554979324341,0.6835485100746155,1.0,1.0,91.22569126154404
34183.875,KINN,8,10.0,True,2400,adam,34231.0703125,0.0,0.5124328136444092,0.7350333333015442,1.0,1.0,92.10312213538964
32286.974609375,KINN,8,10.0,True,2500,adam,32332.39453125,0.0,0.48895224928855896,0.757538914680481,1.0,1.0,92.89280992185068
30656.947265625,KINN,8,10.0,True,2600,adam,30698.41015625,0.0,0.44296252727508545,0.7743303775787354,1.0,1.0,93.60352892966561
29366.263671875,KINN,8,10.0,True,2700,adam,29403.076171875,0.0,0.3906134366989136,0.8013246059417725,1.0,1.0,94.24317603669905
28196.10546875,KINN,8,10.0,True,2800,adam,28226.69921875,0.0,0.322658896446228,0.8106647729873657,1.0,1.0,94.81885843302915
27094.130859375,KINN,8,10.0,True,2900,adam,27124.263671875,0.0,0.31606942415237427,0.8721874952316284,1.0,1.0,95.33697258972623
26293.927734375,KINN,8,10.0,True,3000,adam,26324.478515625,0.0,0.31889602541923523,0.9190210103988647,1.0,1.0,95.8032753307536
25700.984375,KINN,8,10.0,True,3100,adam,25732.322265625,0.0,0.3256787955760956,0.9579135775566101,1.0,1.0,96.22294779767824
25238.208984375,KINN,8,10.0,True,3200,adam,25270.76171875,0.0,0.3369862735271454,1.0033625364303589,1.0,1.0,96.60065301791042
24845.162109375,KINN,8,10.0,True,3300,adam,24879.693359375,0.0,0.356201708316803,1.066972255706787,1.0,1.0,96.94058771611938
24497.623046875,KINN,8,10.0,True,3400,adam,24534.46875,0.0,0.3788873553276062,1.1300581693649292,1.0,1.0,97.24652894450745
24181.34375,KINN,8,10.0,True,3500,adam,24219.98828125,0.0,0.3962659239768982,1.1838738918304443,1.0,1.0,97.5218760500567
23890.470703125,KINN,8,10.0,True,3600,adam,23931.775390625,0.0,0.42247337102890015,1.2476565837860107,1.0,1.0,97.76968844505103
23621.80859375,KINN,8,10.0,True,3700,adam,23666.515625,0.0,0.45622262358665466,1.3238966464996338,1.0,1.0,97.99271960054593
23364.9765625,KINN,8,10.0,True,3800,adam,23413.21875,0.0,0.49129122495651245,1.3946171998977661,1.0,1.0,98.19344764049133
23119.287109375,KINN,8,10.0,True,3900,adam,23171.775390625,0.0,0.5335524678230286,1.4706518650054932,1.0,1.0,98.3741028764422
22883.5859375,KINN,8,10.0,True,4000,adam,22939.287109375,0.0,0.5652817487716675,1.530991792678833,1.0,1.0,98.53669258879798
22650.77734375,KINN,8,10.0,True,4100,adam,22710.0078125,0.0,0.6002005934715271,1.593931794166565,1.0,1.0,98.68302332991819
22429.091796875,KINN,8,10.0,True,4200,adam,22492.017578125,0.0,0.6368057131767273,1.6528868675231934,1.0,1.0,98.81472099692637
22222.294921875,KINN,8,10.0,True,4300,adam,22288.40234375,0.0,0.6682097315788269,1.701412320137024,1.0,1.0,98.93324889723374
22025.462890625,KINN,8,10.0,True,4400,adam,22095.427734375,0.0,0.7064259648323059,1.7520403861999512,1.0,1.0,99.03992400751036
21843.337890625,KINN,8,10.0,True,4500,adam,21914.140625,0.0,0.7141934037208557,1.762789249420166,1.0,1.0,99.13593160675933
21681.400390625,KINN,8,10.0,True,4600,adam,21752.45703125,0.0,0.7161390781402588,1.7635492086410522,1.0,1.0,99.2223384460834
21537.361328125,KINN,8,10.0,True,4700,adam,21607.927734375,0.0,0.7106432914733887,1.7540550231933594,1.0,1.0,99.30010460147506
21401.859375,KINN,8,10.0,True,4800,adam,21472.931640625,0.0,0.7152366638183594,1.752528429031372,1.0,1.0,99.37009414132756
21274.154296875,KINN,8,10.0,True,4900,adam,21345.5,0.0,0.7175251841545105,1.7480586767196655,1.0,1.0,99.4330847271948
21154.9921875,KINN,8,10.0,True,5000,adam,21226.046875,0.0,0.7141885161399841,1.73789381980896,1.0,1.0,99.48977625447532
21045.9765625,KINN,8,10.0,True,5100,adam,21116.08984375,0.0,0.7043653726577759,1.7243794202804565,1.0,1.0,99.54079862902779
20946.013671875,KINN,8,10.0,True,5200,adam,21015.16015625,0.0,0.6943398714065552,1.7091618776321411,1.0,1.0,99.58671876612502
20852.3984375,KINN,8,10.0,True,5300,adam,20921.564453125,0.0,0.6942394375801086,1.7056713104248047,1.0,1.0,99.62804688951252
20757.8515625,KINN,8,10.0,True,5400,adam,20826.361328125,0.0,0.687406599521637,1.6901878118515015,1.0,1.0,99.66524220056127
20660.861328125,KINN,8,10.0,True,5500,adam,20728.0703125,0.0,0.674116849899292,1.665213942527771,1.0,1.0,99.69871798050514
20575.03125,KINN,8,10.0,True,5600,adam,20640.849609375,0.0,0.6599642634391785,1.6434155702590942,1.0,1.0,99.72884618245463
20498.11328125,KINN,8,10.0,True,5700,adam,20562.71875,0.0,0.6476427316665649,1.6274383068084717,1.0,1.0,99.75596156420917
20429.32421875,KINN,8,10.0,True,5800,adam,20492.986328125,0.0,0.638023316860199,1.612825632095337,1.0,1.0,99.78036540778825
20365.25390625,KINN,8,10.0,True,5900,adam,20428.03125,0.0,0.6290262937545776,1.5992798805236816,1.0,1.0,99.80232886700944
20306.02734375,KINN,8,10.0,True,6000,adam,20368.46875,0.0,0.6255288124084473,1.5928090810775757,1.0,1.0,99.82209598030849
20249.212890625,KINN,8,10.0,True,6100,adam,20310.4765625,0.0,0.6136263012886047,1.5743887424468994,1.0,1.0,99.83988638227764
20196.416015625,KINN,8,10.0,True,6200,adam,20256.625,0.0,0.6029617786407471,1.558763861656189,1.0,1.0,99.85589774404988
20146.513671875,KINN,8,10.0,True,6300,adam,20205.9375,0.0,0.5950156450271606,1.5462284088134766,1.0,1.0,99.8703079696449
20099.728515625,KINN,8,10.0,True,6400,adam,20158.5078125,0.0,0.5884785652160645,1.5363402366638184,1.0,1.0,99.88327717268041
20055.341796875,KINN,8,10.0,True,6500,adam,20113.419921875,0.0,0.5813993215560913,1.5242829322814941,1.0,1.0,99.89494945541237
20013.482421875,KINN,8,10.0,True,6600,adam,20070.779296875,0.0,0.5735088586807251,1.5123931169509888,1.0,1.0,99.90545450987113
19973.767578125,KINN,8,10.0,True,6700,adam,20030.24609375,0.0,0.5652596950531006,1.4985957145690918,1.0,1.0,99.91490905888402
19936.921875,KINN,8,10.0,True,6800,adam,19993.017578125,0.0,0.5613818764686584,1.4925097227096558,1.0,1.0,99.92341815299562
19901.31640625,KINN,8,10.0,True,6900,adam,19956.80078125,0.0,0.5552211999893188,1.4835350513458252,1.0,1.0,99.93107633769607
19865.87890625,KINN,8,10.0,True,7000,adam,19921.615234375,0.0,0.5577170848846436,1.4832298755645752,1.0,1.0,99.93796870392646
19832.859375,KINN,8,10.0,True,7100,adam,19888.322265625,0.0,0.554933488368988,1.4753499031066895,1.0,1.0,99.94417183353382
19800.458984375,KINN,8,10.0,True,7200,adam,19855.923828125,0.0,0.5549201965332031,1.4725229740142822,1.0,1.0,99.94975465018044
19769.34375,KINN,8,10.0,True,7300,adam,19824.4296875,0.0,0.551108181476593,1.4641473293304443,1.0,1.0,99.9547791851624
30047.876953125,KINN,8,10.0,True,10000,lbfgs,30102.0390625,0.0,0.5418652892112732,1.0111804008483887,1.0,1.0,99.9547791851624
18838.40625,KINN,8,10.0,True,10010,lbfgs,18895.5625,0.0,0.5718308091163635,0.6735096573829651,1.0,1.0,99.9547791851624
16821.54296875,KINN,8,10.0,True,10020,lbfgs,16865.705078125,0.0,0.44182369112968445,0.6917151808738708,1.0,1.0,99.9547791851624
15971.91796875,KINN,8,10.0,True,10030,lbfgs,16016.8056640625,0.0,0.4490843713283539,0.7464283108711243,1.0,1.0,99.9547791851624
15631.2548828125,KINN,8,10.0,True,10040,lbfgs,15668.74609375,0.0,0.37507954239845276,0.7286477088928223,1.0,1.0,99.9547791851624
15336.49609375,KINN,8,10.0,True,10050,lbfgs,15373.9208984375,0.0,0.3744160234928131,0.7202439904212952,1.0,1.0,99.9547791851624
15094.1259765625,KINN,8,10.0,True,10060,lbfgs,15137.646484375,0.0,0.43540650606155396,0.7556362152099609,1.0,1.0,99.9547791851624
14878.40234375,KINN,8,10.0,True,10070,lbfgs,14933.7919921875,0.0,0.5541464686393738,0.8243939280509949,1.0,1.0,99.9547791851624
14706.029296875,KINN,8,10.0,True,10080,lbfgs,14772.03125,0.0,0.6603173017501831,0.805077314376831,1.0,1.0,99.9547791851624
14576.529296875,KINN,8,10.0,True,10090,lbfgs,14653.494140625,0.0,0.7700014114379883,0.8910074234008789,1.0,1.0,99.9547791851624
14458.3916015625,KINN,8,10.0,True,10100,lbfgs,14527.9609375,0.0,0.6960086822509766,0.8261163234710693,1.0,1.0,99.9547791851624
14324.712890625,KINN,8,10.0,True,10110,lbfgs,14396.6845703125,0.0,0.7200466394424438,0.8564872145652771,1.0,1.0,99.9547791851624
14226.6669921875,KINN,8,10.0,True,10120,lbfgs,14294.826171875,0.0,0.6819012761116028,0.8202368021011353,1.0,1.0,99.9547791851624
14148.0634765625,KINN,8,10.0,True,10130,lbfgs,14216.673828125,0.0,0.6864178776741028,0.8213683366775513,1.0,1.0,99.9547791851624
14103.5947265625,KINN,8,10.0,True,10140,lbfgs,14172.9638671875,0.0,0.6940088868141174,0.8274781107902527,1.0,1.0,99.9547791851624
14064.865234375,KINN,8,10.0,True,10150,lbfgs,14135.8671875,0.0,0.710337221622467,0.8201020956039429,1.0,1.0,99.9547791851624
14043.4833984375,KINN,8,10.0,True,10160,lbfgs,14114.41015625,0.0,0.7095896601676941,0.8176570534706116,1.0,1.0,99.9547791851624
14024.2890625,KINN,8,10.0,True,10170,lbfgs,14094.892578125,0.0,0.7063583135604858,0.8227084875106812,1.0,1.0,99.9547791851624
14007.244140625,KINN,8,10.0,True,10180,lbfgs,14076.0234375,0.0,0.6881045699119568,0.8078159093856812,1.0,1.0,99.9547791851624
13982.16796875,KINN,8,10.0,True,10190,lbfgs,14050.5244140625,0.0,0.6838750243186951,0.7930353283882141,1.0,1.0,99.9547791851624
299813.8125,KINN,8,30.0,True,100,adam,299814.0625,0.0,0.022181721404194832,0.8571848273277283,1.0,1.0,10.899999999999999
111303.0,KINN,8,30.0,True,200,adam,111304.4453125,0.0,0.07304120063781738,0.5343113541603088,1.0,1.0,19.809999999999995
41709.5625,KINN,8,30.0,True,300,adam,41714.453125,0.0,0.17575226724147797,0.513516366481781,1.0,1.0,27.828999999999994
25583.2109375,KINN,8,30.0,True,400,adam,25590.814453125,0.0,0.21693387627601624,0.8037658929824829,1.0,1.0,35.046099999999996
19534.396484375,KINN,8,30.0,True,500,adam,19544.873046875,0.0,0.2521805763244629,1.110971450805664,1.0,1.0,41.541489999999996
17237.802734375,KINN,8,30.0,True,600,adam,17251.654296875,0.0,0.2922857105731964,1.3444621562957764,1.0,1.0,47.387341
15756.9501953125,KINN,8,30.0,True,700,adam,15773.42578125,0.0,0.3129432797431946,1.4959882497787476,1.0,1.0,52.6486069
14878.52734375,KINN,8,30.0,True,800,adam,14899.001953125,0.0,0.35679891705513,1.5889354944229126,1.0,1.0,57.38374621
14166.955078125,KINN,8,30.0,True,900,adam,14192.8642578125,0.0,0.42029792070388794,1.6956287622451782,1.0,1.0,61.645371589
13648.1748046875,KINN,8,30.0,True,1000,adam,13680.888671875,0.0,0.4995995759963989,1.8157680034637451,1.0,1.0,65.4808344301
13361.228515625,KINN,8,30.0,True,1100,adam,13399.0634765625,0.0,0.5488743185997009,1.895693302154541,1.0,1.0,68.93275098709
13109.0400390625,KINN,8,30.0,True,1200,adam,13151.953125,0.0,0.5956844687461853,1.9744023084640503,1.0,1.0,72.039475888381
12876.5615234375,KINN,8,30.0,True,1300,adam,12924.2265625,0.0,0.6369366645812988,2.0441412925720215,1.0,1.0,74.8355282995429
12612.1943359375,KINN,8,30.0,True,1400,adam,12664.71875,0.0,0.6790268421173096,2.1192922592163086,1.0,1.0,77.35197546958861
12293.083984375,KINN,8,30.0,True,1500,adam,12350.671875,0.0,0.7233154773712158,2.186103343963623,1.0,1.0,79.61677792262975
12027.4892578125,KINN,8,30.0,True,1600,adam,12089.7138671875,0.0,0.7620421051979065,2.244417905807495,1.0,1.0,81.65510013036678
11770.8896484375,KINN,8,30.0,True,1700,adam,11839.27734375,0.0,0.8191124796867371,2.3222718238830566,1.0,1.0,83.4895901173301
11541.5009765625,KINN,8,30.0,True,1800,adam,11616.826171875,0.0,0.8847119808197021,2.401768684387207,1.0,1.0,85.1406311055971
11102.458984375,KINN,8,30.0,True,1900,adam,11186.546875,0.0,0.9706941843032837,2.488823652267456,1.0,1.0,86.62656799503739
10860.4951171875,KINN,8,30.0,True,2000,adam,10950.2158203125,0.0,1.019973635673523,2.55552339553833,1.0,1.0,87.96391119553365
10614.4560546875,KINN,8,30.0,True,2100,adam,10708.5126953125,0.0,1.0548291206359863,2.6116294860839844,1.0,1.0,89.16752007598029
10373.4111328125,KINN,8,30.0,True,2200,adam,10473.8310546875,0.0,1.112677812576294,2.6726949214935303,1.0,1.0,90.25076806838227
10101.34765625,KINN,8,30.0,True,2300,adam,10205.595703125,0.0,1.142748236656189,2.707843780517578,1.0,1.0,91.22569126154404
9869.466796875,KINN,8,30.0,True,2400,adam,9977.154296875,0.0,1.169203758239746,2.7501726150512695,1.0,1.0,92.10312213538964
9714.505859375,KINN,8,30.0,True,2500,adam,9826.5068359375,0.0,1.2056992053985596,2.7872321605682373,1.0,1.0,92.89280992185068
9576.5478515625,KINN,8,30.0,True,2600,adam,9693.080078125,0.0,1.2449524402618408,2.824580430984497,1.0,1.0,93.60352892966561
9446.0712890625,KINN,8,30.0,True,2700,adam,9568.1474609375,0.0,1.2953282594680786,2.8650498390197754,1.0,1.0,94.24317603669905
9317.75,KINN,8,30.0,True,2800,adam,9444.3818359375,0.0,1.3355110883712769,2.892420530319214,1.0,1.0,94.81885843302915
9160.2236328125,KINN,8,30.0,True,2900,adam,9291.2099609375,0.0,1.3739250898361206,2.9123382568359375,1.0,1.0,95.33697258972623
8983.4482421875,KINN,8,30.0,True,3000,adam,9117.4990234375,0.0,1.399232029914856,2.929325580596924,1.0,1.0,95.8032753307536
8622.1337890625,KINN,8,30.0,True,3100,adam,8756.509765625,0.0,1.3965044021606445,2.9270691871643066,1.0,1.0,96.22294779767824
8278.7939453125,KINN,8,30.0,True,3200,adam,8418.83984375,0.0,1.4497381448745728,2.96049427986145,1.0,1.0,96.60065301791042
8082.28076171875,KINN,8,30.0,True,3300,adam,8226.0361328125,0.0,1.482919454574585,2.9861385822296143,1.0,1.0,96.94058771611938
7930.13525390625,KINN,8,30.0,True,3400,adam,8075.7763671875,0.0,1.4976469278335571,3.0113232135772705,1.0,1.0,97.24652894450745
7815.765625,KINN,8,30.0,True,3500,adam,7962.64453125,0.0,1.5061123371124268,3.029954671859741,1.0,1.0,97.5218760500567
7713.2841796875,KINN,8,30.0,True,3600,adam,7860.8828125,0.0,1.5096557140350342,3.0388054847717285,1.0,1.0,97.76968844505103
7612.111328125,KINN,8,30.0,True,3700,adam,7761.95458984375,0.0,1.5291260480880737,3.048583745956421,1.0,1.0,97.99271960054593
7523.01171875,KINN,8,30.0,True,3800,adam,7675.357421875,0.0,1.551487922668457,3.0571470260620117,1.0,1.0,98.19344764049133
7442.79931640625,KINN,8,30.0,True,3900,adam,7595.86572265625,0.0,1.555964708328247,3.0571343898773193,1.0,1.0,98.3741028764422
7387.29248046875,KINN,8,30.0,True,4000,adam,7540.69482421875,0.0,1.5568040609359741,3.0538830757141113,1.0,1.0,98.53669258879798
7342.806640625,KINN,8,30.0,True,4100,adam,7496.64990234375,0.0,1.5589654445648193,3.0509979724884033,1.0,1.0,98.68302332991819
7294.88427734375,KINN,8,30.0,True,4200,adam,7449.50634765625,0.0,1.5647681951522827,3.05279803276062,1.0,1.0,98.81472099692637
7248.2021484375,KINN,8,30.0,True,4300,adam,7402.8017578125,0.0,1.5626651048660278,3.0503315925598145,1.0,1.0,98.93324889723374
7202.23095703125,KINN,8,30.0,True,4400,adam,7357.0205078125,0.0,1.5628997087478638,3.050719976425171,1.0,1.0,99.03992400751036
7156.0576171875,KINN,8,30.0,True,4500,adam,7311.36328125,0.0,1.5665916204452515,3.0523648262023926,1.0,1.0,99.13593160675933
7109.97607421875,KINN,8,30.0,True,4600,adam,7265.92578125,0.0,1.5717183351516724,3.052128553390503,1.0,1.0,99.2223384460834
7059.07177734375,KINN,8,30.0,True,4700,adam,7216.7158203125,0.0,1.5875518321990967,3.054701566696167,1.0,1.0,99.30010460147506
7006.1611328125,KINN,8,30.0,True,4800,adam,7166.33837890625,0.0,1.6119260787963867,3.0627431869506836,1.0,1.0,99.37009414132756
6967.2587890625,KINN,8,30.0,True,4900,adam,7128.71435546875,0.0,1.6237610578536987,3.071775197982788,1.0,1.0,99.4330847271948
6930.6171875,KINN,8,30.0,True,5000,adam,7093.55615234375,0.0,1.6377465724945068,3.0837574005126953,1.0,1.0,99.48977625447532
6891.67578125,KINN,8,30.0,True,5100,adam,7055.0283203125,0.0,1.6410633325576782,3.087022066116333,1.0,1.0,99.54079862902779
6850.37060546875,KINN,8,30.0,True,5200,adam,7015.28271484375,0.0,1.6559648513793945,3.0990514755249023,1.0,1.0,99.58671876612502
6812.75390625,KINN,8,30.0,True,5300,adam,6979.33056640625,0.0,1.6719871759414673,3.1107912063598633,1.0,1.0,99.62804688951252
23955.3828125,KINN,8,30.0,True,10000,lbfgs,24025.388671875,0.0,0.7026652097702026,1.8112993240356445,1.0,1.0,99.62804688951252
10703.341796875,KINN,8,30.0,True,10010,lbfgs,10808.1171875,0.0,1.0516701936721802,2.7455945014953613,1.0,1.0,99.62804688951252
7893.0126953125,KINN,8,30.0,True,10020,lbfgs,8013.4228515625,0.0,1.20859694480896,2.816981554031372,1.0,1.0,99.62804688951252
6657.34375,KINN,8,30.0,True,10030,lbfgs,6758.27880859375,0.0,1.0131182670593262,2.7507364749908447,1.0,1.0,99.62804688951252
5870.873046875,KINN,8,30.0,True,10040,lbfgs,5974.17578125,0.0,1.0368859767913818,2.727863073348999,1.0,1.0,99.62804688951252
5538.3359375,KINN,8,30.0,True,10050,lbfgs,5650.1103515625,0.0,1.1219147443771362,2.877915620803833,1.0,1.0,99.62804688951252
5361.11962890625,KINN,8,30.0,True,10060,lbfgs,5486.2021484375,0.0,1.255494236946106,3.01350736618042,1.0,1.0,99.62804688951252
5262.572265625,KINN,8,30.0,True,10070,lbfgs,5398.30517578125,0.0,1.3623968362808228,3.136012554168701,1.0,1.0,99.62804688951252
5203.25732421875,KINN,8,30.0,True,10080,lbfgs,5347.134765625,0.0,1.4441472291946411,3.1493170261383057,1.0,1.0,99.62804688951252
5077.20458984375,KINN,8,30.0,True,10090,lbfgs,5216.37890625,0.0,1.3969391584396362,3.1264445781707764,1.0,1.0,99.62804688951252
4987.64892578125,KINN,8,30.0,True,10100,lbfgs,5125.447265625,0.0,1.3831303119659424,3.1097137928009033,1.0,1.0,99.62804688951252
4858.5078125,KINN,8,30.0,True,10110,lbfgs,5016.60986328125,0.0,1.5869237184524536,3.297318696975708,1.0,1.0,99.62804688951252
4704.02783203125,KINN,8,30.0,True,10120,lbfgs,4868.53759765625,0.0,1.6512408256530762,3.4071571826934814,1.0,1.0,99.62804688951252
4592.6337890625,KINN,8,30.0,True,10130,lbfgs,4750.31787109375,0.0,1.5827261209487915,3.278259515762329,1.0,1.0,99.62804688951252
4499.80615234375,KINN,8,30.0,True,10140,lbfgs,4650.5712890625,0.0,1.5132825374603271,3.165332078933716,1.0,1.0,99.62804688951252
4435.36767578125,KINN,8,30.0,True,10150,lbfgs,4582.27783203125,0.0,1.4745879173278809,3.160159111022949,1.0,1.0,99.62804688951252
4369.37451171875,KINN,8,30.0,True,10160,lbfgs,4518.4091796875,0.0,1.4959102869033813,3.220288038253784,1.0,1.0,99.62804688951252
4314.81640625,KINN,8,30.0,True,10170,lbfgs,4462.0751953125,0.0,1.4780876636505127,3.200507402420044,1.0,1.0,99.62804688951252
4270.3603515625,KINN,8,30.0,True,10180,lbfgs,4403.63671875,0.0,1.3377407789230347,3.0430943965911865,1.0,1.0,99.62804688951252
4204.78515625,KINN,8,30.0,True,10190,lbfgs,4337.458984375,0.0,1.3316905498504639,2.9827756881713867,1.0,1.0,99.62804688951252
